"Sr.","Stock Name","Symbol","sector","industry","Add Column"
1,"Shree Vasu Logistics Ltd","SVLL","transportation","miscellaneous",""
2,"Aegis Vopak Terminals Ltd","AEGISVOPAK","transportation","miscellaneous",""
3,"Allcargo Logistics Limited","ALLCARGO","transportation","miscellaneous",""
4,"Gateway Distriparks Ltd","GATEWAY","transportation","miscellaneous",""
5,"Essar Shipping Limited","ESSARSHPNG","transportation","shipping",""
6,"Railtel Corporation of India Ltd","RAILTEL","transportation","telecommunications - service provider",""
7,"Knowledge Marine & Engineering Works Ltd","KMEW","transportation","miscellaneous",""
8,"Sical Logistics Ltd","SICALLOG","transportation","miscellaneous",""
9,"TransIndia Real Estate Ltd","TREL","transportation","miscellaneous",""
10,"Interglobe Aviation Limited","INDIGO","transportation","transport - airlines",""
11,"Ritco Logistics Ltd","RITCO","transportation","miscellaneous",""
12,"Adani Ports And Special Economic Zone Limited","ADANIPORTS","transportation","miscellaneous",""
13,"Delhivery Ltd","DELHIVERY","transportation","miscellaneous",""
14,"Gujarat Pipavav Port Limited","GPPL","transportation","miscellaneous",""
15,"North Eastern Carrying Corporation Limited","NECCLTD","transportation","miscellaneous",""
16,"JSW Infrastructure Ltd","JSWINFRA","transportation","miscellaneous",""
17,"Tci Express Limited","TCIEXP","transportation","miscellaneous",""
18,"Transport Corporation Of India Limited","TCI","transportation","miscellaneous",""
19,"Global Vectra Helicorp Limited","GLOBALVECT","transportation","transport - airlines",""
20,"Swan Defence and Heavy Industries Ltd","SWANDEF","transportation","miscellaneous",""
21,"Shreyas Shipping & Logistics Ltd","TRANSWORLD","transportation","shipping",""
22,"Shipping Corporation Of India Limited","SCI","transportation","shipping",""
23,"Vrl Logistics Limited","VRLLOG","transportation","miscellaneous",""
24,"TVS Supply Chain Solutions Ltd","TVSSCS","transportation","miscellaneous",""
25,"Blue Dart Express Limited","BLUEDART","transportation","couriers",""
26,"Lancer Containers Lines Ltd","LANCER","transportation","miscellaneous",""
27,"AVG Logistics Ltd","AVG","transportation","miscellaneous",""
28,"Raymond Limited","RAYMOND","transportation","transport - airlines",""
29,"Container Corporation Of India Limited","CONCOR","transportation","miscellaneous",""
30,"The Great Eastern Shipping Company Limited","GESHIP","transportation","shipping",""
31,"Western Carriers (India) Ltd","WCIL","transportation","shipping",""
32,"Indian Railway Catering & Tourism Corporation Ltd","IRCTC","transportation","travel agencies",""
33,"BlackBuck Ltd","BLACKBUCK","transportation","miscellaneous",""
34,"Sindhu Trade Links Ltd","SINDHUTRAD","transportation","miscellaneous",""
35,"Shreeji Shipping Global Ltd","SHREEJISPG","transportation","shipping",""
36,"Snowman Logistics Limited","SNOWMAN","transportation","miscellaneous",""
37,"Reliance Industrial Infrastructure Limited","RIIL","transportation","miscellaneous",""
38,"Allcargo Terminals Ltd","ATL","transportation","miscellaneous",""
39,"Navkar Corporation Limited","NAVKARCORP","transportation","miscellaneous",""
40,"Total Transport Systems Ltd","TOTAL","transportation","miscellaneous",""
41,"Mahindra Logistics Ltd","MAHLOG","transportation","miscellaneous",""
42,"Orissa Bengal Carrier Ltd","OBCL","transportation","miscellaneous",""
43,"Ganesh Benzoplast Ltd","GANESHBE","miscellaneous","miscellaneous",""
44,"Vikas Ecotech Limited","VIKASECO","miscellaneous","diversified - medium / small",""
45,"Shree Rama Newsprint Limited","RAMANEWS","miscellaneous","miscellaneous",""
46,"Thomas Cook  (india)  Limited","THOMASCOOK","miscellaneous","travel agencies",""
47,"Ecos (India) Mobility & Hospitality Ltd","ECOSMOBLTY","miscellaneous","miscellaneous",""
48,"Gocl Corporation Limited","GOCLCORP","miscellaneous","diversified - medium / small",""
49,"Bluspring Enterprises Ltd","BLUSPRING","miscellaneous","diversified - large",""
50,"Nbcc (india) Limited","NBCC","miscellaneous","miscellaneous",""
51,"Radiant Cash Management Services Ltd","RADIANTCMS","miscellaneous","miscellaneous",""
52,"Kokuyo Camlin Limited","KOKUYOCMLN","miscellaneous","printing & stationery",""
53,"Balmer Lawrie & Company Limited","BALMLAWRIE","miscellaneous","diversified - large",""
54,"3m India Limited","3MINDIA","miscellaneous","diversified - large",""
55,"Matrimony.com Ltd","MATRIMONY","miscellaneous","miscellaneous",""
56,"Flair Writing Industries Ltd","FLAIR","miscellaneous","printing & stationery",""
57,"Aarvi Encon Ltd","AARVI","miscellaneous","miscellaneous",""
58,"Seamec Limited","SEAMECLTD","miscellaneous","miscellaneous",""
59,"Sanghvi Movers Limited","SANGHVIMOV","miscellaneous","miscellaneous",""
60,"Quess Corp Limited","QUESS","miscellaneous","diversified - large",""
61,"Kapston Services Ltd","KAPSTON","miscellaneous","miscellaneous",""
62,"Rudrabhishek Enterprises Ltd","REPL","miscellaneous","miscellaneous",""
63,"Kesoram Industries Limited","KESORAMIND","miscellaneous","miscellaneous",""
64,"DJ Mediaprint & Logistics Ltd","DJML","miscellaneous","diversified - medium / small",""
65,"Navneet Education Limited","NAVNETEDUL","miscellaneous","printing & stationery",""
66,"Ptl Enterprises Limited","PTL","miscellaneous","miscellaneous",""
67,"Repro India Limited","REPRO","miscellaneous","printing & stationery",""
68,"Indiabulls Limited","IBULLSLTD","miscellaneous","diversified - medium / small",""
69,"Dreamfolks Services Ltd","DREAMFOLKS","miscellaneous","miscellaneous",""
70,"Inox Green Energy Services Ltd","INOXGREEN","miscellaneous","miscellaneous",""
71,"Dcm Shriram Limited","DCMSHRIRAM","miscellaneous","diversified - mega",""
72,"CMS Info Systems Ltd","CMSINFO","miscellaneous","miscellaneous",""
73,"Dredging Corporation Of India Limited","DREDGECORP","miscellaneous","miscellaneous",""
74,"S Chand and Company Limited","SCHAND","miscellaneous","printing & stationery",""
75,"JITF Infra Logistics Ltd","JITFINFRA","miscellaneous","miscellaneous",""
76,"Alphageo (india) Limited","ALPHAGEO","miscellaneous","miscellaneous",""
77,"Teamlease Services Limited","TEAMLEASE","miscellaneous","miscellaneous",""
78,"Tara Chand Infralogistic Solutions Ltd","TARACHAND","miscellaneous","diversified - medium / small",""
79,"Krystal Integrated Services Ltd","KRYSTAL","miscellaneous","miscellaneous",""
80,"Rites Ltd","RITES","miscellaneous","miscellaneous",""
81,"Rain Industries Limited","RAIN","miscellaneous","miscellaneous",""
82,"Prajay Engineers Syndicate Limited","PRAENG","miscellaneous","diversified - medium / small",""
83,"Ttk Healthcare Limited","TTKHLTCARE","miscellaneous","diversified - medium / small",""
84,"GMR Airports Ltd","GMRAIRPORT","miscellaneous","miscellaneous",""
85,"Regaal Resources Ltd","REGAAL","miscellaneous","miscellaneous",""
86,"Antony Waste Handling Cell Ltd","AWHCL","miscellaneous","miscellaneous",""
87,"Aspinwall And Company Limited","ASPINWALL","miscellaneous","diversified - medium / small",""
88,"Updater Services Ltd","UDS","miscellaneous","miscellaneous",""
89,"Andrew Yule & Company Ltd","ANDREWYU","miscellaneous","diversified - medium / small",""
90,"Confidence Petroleum India Ltd","CONFIPET","miscellaneous","miscellaneous",""
91,"Medi Assist Healthcare Services Ltd","MEDIASSIST","miscellaneous","miscellaneous",""
92,"Linc Ltd","LINC","miscellaneous","printing & stationery",""
93,"Modi Rubber Ltd","MODIRUBBER","miscellaneous","miscellaneous",""
94,"International Gemmological Institute (India) Ltd","IGIL","miscellaneous","miscellaneous",""
95,"Ruchi Infrastructure Limited","RUCHINFRA","miscellaneous","miscellaneous",""
96,"Hindustan Composites Limited","HINDCOMPOS","miscellaneous","diversified - medium / small",""
97,"Delta Corp Limited","DELTACORP","miscellaneous","recreation / amusement parks",""
98,"Nava Ltd","NAVA","miscellaneous","diversified - large",""
99,"Ashima Limited","ASHIMASYN","miscellaneous","diversified - medium / small",""
100,"Prozone Realty Ltd","PROZONER","miscellaneous","miscellaneous",""
101,"Security & Intelligence Services India","SIS","miscellaneous","miscellaneous",""
102,"Mitcon Consultancy & Engineering Services Ltd","MITCON","miscellaneous","miscellaneous",""
103,"Crown Lifters Ltd","CROWN","miscellaneous","miscellaneous",""
104,"Doms Industries Ltd","DOMS","miscellaneous","printing & stationery",""
105,"Signpost India Ltd","SIGNPOST","miscellaneous","miscellaneous",""
106,"Indiqube Spaces Ltd","INDIQUBE","co-working","miscellaneous",""
107,"AWFIS Space Solutions Ltd","AWFIS","co-working","miscellaneous",""
108,"Smartworks Coworking Spaces Ltd","SMARTWORKS","co-working","miscellaneous",""
109,"Beml Limited","BEML","aerospace & defence","engineering",""
110,"Dynamatic Technologies Limited","DYNAMATECH","aerospace & defence","engineering",""
111,"Solar Industries India Limited","SOLARINDS","aerospace & defence","chemicals",""
112,"DCX Systems Ltd","DCXINDIA","aerospace & defence","electronics - components",""
113,"NIBE Ltd","NIBE","aerospace & defence","engineering",""
114,"MTAR Technologies Ltd","MTARTECH","aerospace & defence","engineering",""
115,"Iti Limited","ITI","aerospace & defence","telecommunications - equipment",""
116,"Bharat Electronics Limited","BEL","aerospace & defence","electronics - components",""
117,"Garden Reach Shipbuilders & Engineers Ltd","GRSE","aerospace & defence","miscellaneous",""
118,"Mazagon Dock Shipbuilders Ltd","MAZDOCK","aerospace & defence","miscellaneous",""
119,"Sigma Advanced System Ltd","SIGMAADV","aerospace & defence","electronics - components",""
120,"Astra Microwave Products Limited","ASTRAMICRO","aerospace & defence","telecommunications - equipment",""
121,"Centum Electronics Limited","CENTUM","aerospace & defence","electronics - components",""
122,"Data Patterns (India) Ltd","DATAPATTNS","aerospace & defence","electronics - components",""
123,"Cyient DLM Ltd","CYIENTDLM","aerospace & defence","electronics - components",""
124,"Premier Explosives Limited","PREMEXPLN","aerospace & defence","chemicals",""
125,"Azad Engineering Ltd","AZAD","aerospace & defence","engineering",""
126,"Kavveri Defence & Wireless Technologies Ltd","KAVDEFENCE","aerospace & defence","telecommunications - equipment",""
127,"Zen Technologies Limited","ZENTEC","aerospace & defence","miscellaneous",""
128,"Paras Defence and Space Technologies Ltd","PARAS","aerospace & defence","engineering",""
129,"Mishra Dhatu Nigam Ltd","MIDHANI","aerospace & defence","steel - medium / small",""
130,"Rossell Techsys Ltd","ROSSTECH","aerospace & defence","engineering",""
131,"Unimech Aerospace and Manufacturing Ltd","UNIMECH","aerospace & defence","engineering",""
132,"AXISCADES Technologies Ltd","AXISCADES","aerospace & defence","computers - software - medium / small",""
133,"Avantel Ltd","AVANTEL","aerospace & defence","telecommunications - equipment",""
134,"Ideaforge Technology Ltd","IDEAFORGE","aerospace & defence","engineering",""
135,"Cochin Shipyard Ltd","COCHINSHIP","aerospace & defence","miscellaneous",""
136,"Apollo Micro Systems Ltd","APOLLO","aerospace & defence","electronics - components",""
137,"Bharat Dynamics Ltd","BDL","aerospace & defence","engineering",""
138,"Hindustan Aeronautics Ltd","HAL","aerospace & defence","engineering",""
139,"Aegis Logistics Ltd","AEGISLOG","services","trading",""
140,"Asian Hotels (north) Limited","ASIANHOTNR","services","hotels",""
141,"Premier Energies Ltd","PREMIERENE","services","trading",""
142,"India Tourism Development Corporation Ltd","ITDC","services","hotels",""
143,"Taj Gvk Hotels & Resorts Limited","TAJGVK","services","hotels",""
144,"Signet Industries Ltd","SIGIND","services","trading",""
145,"Veranda Learning Solutions Ltd","VERANDA","services","miscellaneous",""
146,"Brigade Hotel Ventures Ltd","BRIGHOTEL","services","hotels",""
147,"Manaksia Limited","MANAKSIA","services","trading",""
148,"Adani Enterprises Limited","ADANIENT","services","trading",""
149,"Oricon Enterprises Limited","ORICONENT","services","trading",""
150,"Sicagen India Limited","SICAGEN","services","trading",""
151,"Mahindra Holidays & Resorts India Limited","MHRIL","services","hotels",""
152,"Asian Hotels (west) Limited","AHLWEST","services","hotels",""
153,"Sinclairs Hotels Ltd","SINCLAIR","services","hotels",""
154,"Robust Hotels Pvt Ltd","RHL","services","hotels",""
155,"Dhunseri Ventures Ltd","DVL","services","trading",""
156,"Viceroy Hotels Ltd","VHLTD","services","hotels",""
157,"Apollo Sindoori Hotels Limited","APOLSINHOT","services","hotels",""
158,"Maheshwari Logistics Ltd","MAHESHWARI","services","trading",""
159,"Global Education Ltd","GLOBAL","services","miscellaneous",""
160,"Country Club Hospitality & Holidays Limited","CCHHL","services","hotels",""
161,"Oswal Agro Mills Ltd","OSWALAGRO","services","trading",""
162,"Eih Limited","EIHOTEL","services","hotels",""
163,"Vikas Lifecare Ltd","VIKASLIFE","services","trading",""
164,"Leela Palaces Hotels & Resorts Ltd","THELEELA","services","hotels",""
165,"Arisinfra Solutions Ltd","ARIS","services","trading",""
166,"Sakuma Exports Limited","SAKUMA","services","trading",""
167,"Redington (india) Limited","REDINGTON","services","trading",""
168,"Neueon Corporation Ltd","NEUEON","services","trading",""
169,"GNG Electronics Ltd","EBGNG","services","trading",""
170,"Lloyds Enterprises Ltd","LLOYDSENT","services","trading",""
171,"The State Trading Corporation Of India Limited","STCINDIA","services","trading",""
172,"Mmtc Limited","MMTC","services","trading",""
173,"Asian Hotels (east) Limited","AHLEAST","services","hotels",""
174,"Integra Essentia Ltd","ESSENTIA","services","trading",""
175,"Eih Associated Hotels Limited","EIHAHOTELS","services","hotels",""
176,"CL Educate","CLEDUCATE","services","miscellaneous",""
177,"Lemon Tree Hotels Ltd","LEMONTREE","services","hotels",""
178,"HLV Ltd","HLVLTD","services","hotels",""
179,"The Byke Hospitality Ltd","BYKE","services","hotels",""
180,"The Indian Hotels Company Limited","INDHOTEL","services","hotels",""
181,"Tainwala Chemical And Plastic (i) Limited","TAINWALCHM","services","trading",""
182,"Royal Orchid Hotels Limited","ROHLTD","services","hotels",""
183,"Refex Industries Limited","REFEX","services","trading",""
184,"Race Eco Chain Ltd","RACE","services","trading",""
185,"Nupur Recyclers Ltd","NRL","services","trading",""
186,"Kamat Hotels (i) Limited","KAMATHOTEL","services","hotels",""
187,"Spacenet Enterprises India Ltd","SPCENET","services","trading",""
188,"Apeejay Surrendra Park Hotels Ltd","PARKHOTELS","services","hotels",""
189,"Kothari Products Limited","KOTHARIPRO","services","trading",""
190,"Juniper Hotels Ltd","JUNIPER","services","hotels",""
191,"Hardwyn India Ltd","HARDWYN","services","trading",""
192,"Oriental Hotels Limited","ORIENTHOT","services","hotels",""
193,"Uniphos Enterprises Limited","UNIENTER","services","trading",""
194,"Chalet Hotels Ltd","CHALET","services","hotels",""
195,"Arvind Fashions Ltd","ARVINDFASN","services","trading",""
196,"Mangalam Global Enterprise Ltd","MGEL","services","trading",""
197,"Ventive Hospitality Ltd","VENTIVE","services","hotels",""
198,"ITC Hotels Ltd","ITCHOTELS","services","hotels",""
199,"Crizac Ltd","CRIZAC","services","miscellaneous",""
200,"Career Point Edutech Ltd","CPEDU","services","miscellaneous",""
201,"Speciality Restaurants Limited","SPECIALITY","services","hotels",""
202,"Anik Industries Limited","ANIKINDS","services","trading",""
203,"Advani Hotels & Resorts (india) Limited","ADVANIHOTR","services","hotels",""
204,"Fischer Medical Ventures Ltd","FISCHER","services","trading",""
205,"Samhi Hotels Ltd","SAMHI","services","hotels",""
206,"Honasa Consumer Ltd","HONASA","services","trading",""
207,"Shipping Corporation of India Land & Assets Ltd","SCILAL","services","miscellaneous",""
208,"Gokaldas Exports Limited","GOKEX","readymade garments/apparels","textiles - products",""
209,"Pearl Global Industries Limited","PGIL","readymade garments/apparels","textiles - products",""
210,"Bella Casa Fashion & Retail Ltd","BELLACASA","readymade garments/apparels","textiles - products",""
211,"Iris Clothings Ltd","IRISDOREME","readymade garments/apparels","textiles - products",""
212,"Thomas Scott (india) Limited","THOMASCOTT","readymade garments/apparels","textiles - products",""
213,"Zodiac Clothing Company Limited","ZODIACLOTH","readymade garments/apparels","textiles - products",""
214,"Dollar Industries Ltd","DOLLAR","readymade garments/apparels","textiles - products",""
215,"S. P. Apparels Limited","SPAL","readymade garments/apparels","textiles - products",""
216,"Kewal Kiran Clothing Limited","KKCL","readymade garments/apparels","textiles - products",""
217,"Page Industries Limited","PAGEIND","readymade garments/apparels","textiles - products",""
218,"Vedant Fashions Ltd","MANYAVAR","readymade garments/apparels","textiles - products",""
219,"K.p.r. Mill Limited","KPRMILL","readymade garments/apparels","textiles - products",""
220,"Kitex Garments Limited","KITEX","readymade garments/apparels","textiles - products",""
221,"Sterling Tools Limited","STERTOOLS","castings, forgings & fasteners","fasteners",""
222,"Bharat Forge Limited","BHARATFORG","castings, forgings & fasteners","castings & forgings",""
223,"Gala Precision Engineering Ltd","GALAPREC","castings, forgings & fasteners","fasteners",""
224,"CIE Automotive India Ltd","CIEINDIA","castings, forgings & fasteners","castings & forgings",""
225,"Nelcast Limited","NELCAST","castings, forgings & fasteners","castings & forgings",""
226,"Happy Forgings Ltd","HAPPYFORGE","castings, forgings & fasteners","castings & forgings",""
227,"Balu Forge Industries Ltd","BALUFORGE","castings, forgings & fasteners","castings & forgings",""
228,"Alicon Castalloy Limited","ALICON","castings, forgings & fasteners","castings & forgings",""
229,"Kennametal India Ltd","KENNAMET","castings, forgings & fasteners","castings & forgings",""
230,"PTC Industries Ltd","PTCIL","castings, forgings & fasteners","castings & forgings",""
231,"Tirupati Forge Ltd","TIRUPATIFL","castings, forgings & fasteners","castings & forgings",""
232,"Synergy Green Industries Ltd","SGIL","castings, forgings & fasteners","castings & forgings",""
233,"Electrosteel Castings Limited","ELECTCAST","castings, forgings & fasteners","castings & forgings",""
234,"Ramkrishna Forgings Limited","RKFORGE","castings, forgings & fasteners","castings & forgings",""
235,"Aia Engineering Limited","AIAENG","castings, forgings & fasteners","castings & forgings",""
236,"Kalyani Forge Limited","KALYANIFRG","castings, forgings & fasteners","castings & forgings",""
237,"Steelcast Ltd","STEELCAS","castings, forgings & fasteners","castings & forgings",""
238,"Mm Forgings Limited","MMFL","castings, forgings & fasteners","castings & forgings",""
239,"Dcm  Limited","DCM","castings, forgings & fasteners","castings & forgings",""
240,"Sundaram Clayton Ltd","SUNCLAY","castings, forgings & fasteners","castings & forgings",""
241,"Goodluck India Limited","GOODLUCK","metals & mining","steel - medium / small",""
242,"Century Extrusions Limited","CENTEXT","metals & mining","aluminium and aluminium products",""
243,"The Orissa Minerals Development Company Limited","ORISSAMINE","metals & mining","mining / minerals / metals",""
244,"Steel Authority Of India Limited","SAIL","metals & mining","steel - large",""
245,"DEE Development Engineers Ltd","DEEDEV","metals & mining","steel - medium / small",""
246,"Mukand Limited","MUKANDLTD","metals & mining","steel - medium / small",""
247,"Pondy Oxides & Chemicals Ltd","POCL","metals & mining","mining / minerals / metals",""
248,"Scoda Tubes Ltd","SCODATUBES","metals & mining","steel - medium / small",""
249,"Sambhv Steel Tubes Ltd","SAMBHV","metals & mining","steel - medium / small",""
250,"Technocraft Industries (india) Limited","TIIL","metals & mining","steel - medium / small",""
251,"Lloyds Metals & Energy Ltd","LLOYDSME","metals & mining","mining / minerals / metals",""
252,"Jai Balaji Industries Limited","JAIBALAJI","metals & mining","steel - large",""
253,"Shivalik Bimetal Controls Ltd","SBCL","metals & mining","mining / minerals / metals",""
254,"Man Industries (india) Limited","MANINDS","metals & mining","steel - medium / small",""
255,"20 Microns Limited","20MICRONS","metals & mining","mining / minerals / metals",""
256,"Indian Metals & Ferro Alloys Limited","IMFA","metals & mining","mining / minerals / metals",""
257,"Shah Alloys Limited","SHAHALLOYS","metals & mining","steel - medium / small",""
258,"NMDC Steel Ltd","NSLNISP","metals & mining","steel - large",""
259,"Manaksia Aluminium Company Limited","MANAKALUCO","metals & mining","aluminium and aluminium products",""
260,"Kiocl Limited","KIOCL","metals & mining","mining / minerals / metals",""
261,"Aeroflex Industries Ltd","AEROFLEX","metals & mining","steel - medium / small",""
262,"Rama Steel Tubes Limited","RAMASTEEL","metals & mining","steel - medium / small",""
263,"Geekay Wires Ltd","GEEKAYWIRE","metals & mining","steel - medium / small",""
264,"Vibhor Steel Tubes Ltd","VSTL","metals & mining","steel - medium / small",""
265,"Maharashtra Seamless Limited","MAHSEAMLES","metals & mining","steel - medium / small",""
266,"Sunflag Iron And Steel Company Limited","SUNFLAG","metals & mining","steel - medium / small",""
267,"Hindalco Industries Limited","HINDALCO","metals & mining","aluminium and aluminium products",""
268,"Tata Steel Limited","TATASTEEL","metals & mining","steel - large",""
269,"Interarch Building Products Ltd","INTERARCH","metals & mining","steel - medium / small",""
270,"Gujarat Mineral Development Corporation Limited","GMDCLTD","metals & mining","mining / minerals / metals",""
271,"National Aluminium Company Limited","NATIONALUM","metals & mining","aluminium and aluminium products",""
272,"Jindal Stainless Limited","JSL","metals & mining","steel - large",""
273,"VISA Chrome Ltd","VISACHROME","metals & mining","mining / minerals / metals",""
274,"Gallant Ispat Ltd","GALLANTT","metals & mining","steel - medium / small",""
275,"Godawari Power And Ispat Limited","GPIL","metals & mining","steel - medium / small",""
276,"Maan Aluminium Limited","MAANALU","metals & mining","aluminium and aluminium products",""
277,"Hariom Pipe Industries Ltd","HARIOMPIPE","metals & mining","steel - medium / small",""
278,"Gandhi Special Tubes Limited","GANDHITUBE","metals & mining","steel - medium / small",""
279,"Coal India Limited","COALINDIA","metals & mining","mining / minerals / metals",""
280,"Vaswani Industries Limited","VASWANI","metals & mining","steel - sponge iron",""
281,"Usha Martin Limited","USHAMART","metals & mining","steel - medium / small",""
282,"Vardhman Special Steels Limited","VSSL","metals & mining","steel - medium / small",""
283,"Shyam Metalics & Energy Ltd","SHYAMMETL","metals & mining","steel - large",""
284,"Incredible Industries Ltd","INCREDIBLE","metals & mining","steel - medium / small",""
285,"Ram Ratna Wires Ltd","RAMRAT","metals & mining","mining / minerals / metals",""
286,"Manaksia Coated Metals & Industries Limited","MANAKCOAT","metals & mining","steel - medium / small",""
287,"Electrotherm (india) Limited","ELECTHERM","metals & mining","steel - medium / small",""
288,"D P Wires Ltd","DPWIRES","metals & mining","steel - medium / small",""
289,"Ashapura Minechem Limited","ASHAPURMIN","metals & mining","mining / minerals / metals",""
290,"MMP Industries Ltd","MMP","metals & mining","aluminium and aluminium products",""
291,"Maithan Alloys Limited","MAITHANALL","metals & mining","mining / minerals / metals",""
292,"Hindustan Zinc Limited","HINDZINC","metals & mining","mining / minerals / metals",""
293,"Kirloskar Ferrous Industries Ltd","KIRLFER","metals & mining","steel - large",""
294,"Vraj Iron & Steel Ltd","VRAJ","metals & mining","steel - sponge iron",""
295,"Oil Country Tubular Limited","OILCOUNTUB","metals & mining","steel - medium / small",""
296,"Bansal Wire Industries Ltd","BANSALWIRE","metals & mining","steel - medium / small",""
297,"Suraj Ltd","SURAJLTD","metals & mining","steel - medium / small",""
298,"Sarda Energy & Minerals Limited","SARDAEN","metals & mining","steel - medium / small",""
299,"Sandur Manganese & Iron Ores Ltd","SANDUMA","metals & mining","mining / minerals / metals",""
300,"Aeroflex Enterprises Ltd","AEROENTER","metals & mining","steel - medium / small",""
301,"Kamdhenu Limited","KAMDHENU","metals & mining","steel - medium / small",""
302,"Venus Pipes & Tubes Ltd","VENUSPIPES","metals & mining","steel - medium / small",""
303,"Hindustan Copper Limited","HINDCOPPER","metals & mining","mining / minerals / metals",""
304,"Bedmutha Industries Limited","BEDMUTHA","metals & mining","mining / minerals / metals",""
305,"Moil Limited","MOIL","metals & mining","mining / minerals / metals",""
306,"Rajratan Global Wire Ltd","RAJRATAN","metals & mining","steel - medium / small",""
307,"Kamdhenu Ventures Ltd","KAMOPAINTS","metals & mining","trading",""
308,"Jayaswal Neco Industries Limited","JAYNECOIND","metals & mining","steel - large",""
309,"Precision Wires India Limited","PRECWIRE","metals & mining","mining / minerals / metals",""
310,"Ratnaveer Precision Engineering Ltd","RATNAVEER","metals & mining","steel - medium / small",""
311,"Shyam Century Ferrous Limited","SHYAMCENT","metals & mining","mining / minerals / metals",""
312,"Nmdc Limited","NMDC","metals & mining","mining / minerals / metals",""
313,"Salasar Techno Engineering Ltd","SALASAR","metals & mining","steel - medium / small",""
314,"Kritika Wires Ltd","KRITIKA","metals & mining","steel - medium / small",""
315,"Jsw Steel Limited","JSWSTEEL","metals & mining","steel - large",""
316,"Kalyani Steels Limited","KSL","metals & mining","steel - medium / small",""
317,"Vedanta Limited","VEDL","metals & mining","mining / minerals / metals",""
318,"Prakash Industries Limited","PRAKASH","metals & mining","steel - medium / small",""
319,"Jindal Steel Ltd","JINDALSTEL","metals & mining","steel - large",""
320,"SAL Steel","SALSTEEL","metals & mining","steel - sponge iron",""
321,"Msp Steel & Power Limited","MSPL","metals & mining","steel - medium / small",""
322,"Pennar Industries Limited","PENIND","metals & mining","steel - medium / small",""
323,"Mahamaya Steel Industries Limited","MAHASTEEL","metals & mining","steel - medium / small",""
324,"Shah Metacorp Ltd","SHAH","metals & mining","steel - medium / small",""
325,"Gravita India Limited","GRAVITA","metals & mining","mining / minerals / metals",""
326,"JTL Industries Ltd","JTLIND","metals & mining","steel - medium / small",""
327,"Steel Exchange India Ltd","STEELXIND","metals & mining","steel - medium / small",""
328,"Euro Panel Products Ltd","EUROBOND","metals & mining","aluminium and aluminium products",""
329,"Manaksia Steels Limited","MANAKSTEEL","metals & mining","steel - medium / small",""
330,"Arfin India Ltd","ARFIN","metals & mining","aluminium and aluminium products",""
331,"Hi-Tech Pipes Ltd","HITECH","metals & mining","steel - medium / small",""
332,"Cubex Tubings Limited","CUBEXTUB","metals & mining","mining / minerals / metals",""
333,"Madhav Copper Ltd","MCL","metals & mining","mining / minerals / metals",""
334,"Bharat Wire Ropes Limited","BHARATWIRE","metals & mining","steel - medium / small",""
335,"South West Pinnacle Exploration Ltd","SOUTHWEST","metals & mining","mining / minerals / metals",""
336,"Silgo Retail Ltd","SILGO","consumer discretionary","diamond cutting / jewellery",""
337,"Hmt Limited","HMT","consumer discretionary","miscellaneous",""
338,"Trent Limited","TRENT","consumer discretionary","trading",""
339,"Rajesh Exports Limited","RAJESHEXPO","consumer discretionary","diamond cutting / jewellery",""
340,"Hind Rectifiers Limited","HIRECT","consumer discretionary","electronics - components",""
341,"Hindware Home Innovation Ltd","HINDWAREAP","consumer discretionary","trading",""
342,"Laxmi Goldorna House Ltd","LGHL","consumer discretionary","diamond cutting / jewellery",""
343,"Westlife Foodworld Ltd","WESTLIFE","consumer discretionary","hotels",""
344,"Shoppers Stop Limited","SHOPERSTOP","consumer discretionary","textiles - products",""
345,"Kernex Microsystems (india) Limited","KERNEX","consumer discretionary","electronics - components",""
346,"Travel Food Services Ltd","TRAVELFOOD","consumer discretionary","hotels",""
347,"MIC Electronics Ltd","MICEL","consumer discretionary","electronics - components",""
348,"Shanti Gold International Ltd","SHANTIGOLD","consumer discretionary","diamond cutting / jewellery",""
349,"Syrma SGS Technology Ltd","SYRMA","consumer discretionary","electronics - components",""
350,"Tribhovandas Bhimji Zaveri Limited","TBZ","consumer discretionary","diamond cutting / jewellery",""
351,"Electronics Mart India Ltd","EMIL","consumer discretionary","trading",""
352,"Aditya Birla Fashion And Retail Limited","ABFRL","consumer discretionary","textiles - products",""
353,"Mayur Uniquoters Ltd","MAYURUNIQ","consumer discretionary","leather / leather products",""
354,"Global Surfaces Ltd","GSLSU","consumer discretionary","miscellaneous",""
355,"IKIO Lighting Ltd","IKIO","consumer discretionary","electric equipment",""
356,"Nitiraj Engineers Ltd","NITIRAJ","consumer discretionary","electronics - components",""
357,"Coffee Day Enterprises Limited","COFFEEDAY","consumer discretionary","hotels",""
358,"Cello World Ltd","CELLO","consumer discretionary","trading",""
359,"Mirza International Limited","MIRZAINT","consumer discretionary","leather / leather products",""
360,"D.P. Abhushan Ltd","DPABHUSHAN","consumer discretionary","diamond cutting / jewellery",""
361,"Brand Concepts Ltd","BCONCEPTS","consumer discretionary","trading",""
362,"Genus Power Infrastructures Limited","GENUSPOWER","consumer discretionary","electronics - components",""
363,"Radhika Jeweltech Ltd","RADHIKAJWE","consumer discretionary","diamond cutting / jewellery",""
364,"Sheela Foam Limited","SFL","consumer discretionary","miscellaneous",""
365,"Sonam Ltd","SONAMLTD","consumer discretionary","miscellaneous",""
366,"Tembo Global Industries Ltd","TEMBO","consumer discretionary","trading",""
367,"Titan Company Limited","TITAN","consumer discretionary","diamond cutting / jewellery",""
368,"Whirlpool Of India Limited","WHIRLPOOL","consumer discretionary","domestic appliances",""
369,"Brainbees Solutions Ltd","FIRSTCRY","consumer discretionary","trading",""
370,"Kddl Limited","KDDL","consumer discretionary","miscellaneous",""
371,"Ausom Enterprise Limited","AUSOMENT","consumer discretionary","trading",""
372,"Campus Activewear Ltd","CAMPUS","consumer discretionary","leather / leather products",""
373,"Thangamayil Jewellery Limited","THANGAMAYL","consumer discretionary","diamond cutting / jewellery",""
374,"Patel Retail Ltd","PATELRMART","consumer discretionary","trading",""
375,"Symphony Limited","SYMPHONY","consumer discretionary","domestic appliances",""
376,"Butterfly Gandhimathi Appliances Limited","BUTTERFLY","consumer discretionary","domestic appliances",""
377,"Kaynes Technology India Ltd","KAYNES","consumer discretionary","electronics - components",""
378,"United Foodbrands Ltd","UFBL","consumer discretionary","hotels",""
379,"Devyani International Ltd","DEVYANI","consumer discretionary","hotels",""
380,"Superhouse Limited","SUPERHOUSE","consumer discretionary","leather / leather products",""
381,"Bosch Home Comfort India Ltd","BOSCH-HCIL","consumer discretionary","air-conditioners",""
382,"Dixon Technologies Ltd","DIXON","consumer discretionary","electronics - consumer",""
383,"Bhartiya International Limited","BIL","consumer discretionary","leather / leather products",""
384,"Goldiam International Limited","GOLDIAM","consumer discretionary","diamond cutting / jewellery",""
385,"Motisons Jewellers Ltd","MOTISONS","consumer discretionary","diamond cutting / jewellery",""
386,"Credo Brands Marketing Ltd","MUFTI","consumer discretionary","trading",""
387,"Popular Vehicles & Services Ltd","PVSL","consumer discretionary","trading",""
388,"Relaxo Footwears Limited","RELAXO","consumer discretionary","leather / leather products",""
389,"Bajaj Electricals Limited","BAJAJELEC","consumer discretionary","domestic appliances",""
390,"Bpl Limited","BPL","consumer discretionary","electronics - components",""
391,"Sky Gold Ltd","SKYGOLD","consumer discretionary","diamond cutting / jewellery",""
392,"Voltas Limited","VOLTAS","consumer discretionary","air-conditioners",""
393,"Baazar Style Retail Ltd","STYLEBAAZA","consumer discretionary","trading",""
394,"Ifb Industries Limited","IFBIND","consumer discretionary","domestic appliances",""
395,"Eureka Forbes Ltd","EUREKAFORB","consumer discretionary","domestic appliances",""
396,"Aditya Infotech Ltd","CPPLUS","consumer discretionary","trading",""
397,"Jubilant Foodworks Limited","JUBLFOOD","consumer discretionary","hotels",""
398,"Bluestone Jewellery and Lifestyle Ltd","BLUESTONE","consumer discretionary","diamond cutting / jewellery",""
399,"Pg Electroplast Limited","PGEL","consumer discretionary","electronics - components",""
400,"Stove Kraft Ltd","STOVEKRAFT","consumer discretionary","domestic appliances",""
401,"Pc Jeweller Limited","PCJEWELLER","consumer discretionary","diamond cutting / jewellery",""
402,"Sreeleathers Limited","SREEL","consumer discretionary","trading",""
403,"Elin Electronics Ltd","ELIN","consumer discretionary","electronics - components",""
404,"Avalon Technologies Ltd","AVALON","consumer discretionary","electronics - components",""
405,"Metro Brands Ltd","METROBRAND","consumer discretionary","leather / leather products",""
406,"Carysil Ltd","CARYSIL","consumer discretionary","domestic appliances",""
407,"Shankara Building Products","SHANKARA","consumer discretionary","trading",""
408,"Manoj Vaibhav Gems N Jewellers Ltd","MVGJL","consumer discretionary","diamond cutting / jewellery",""
409,"RBZ Jewellers Ltd","RBZJEWEL","consumer discretionary","diamond cutting / jewellery",""
410,"Amber Enterprises India Ltd","AMBER","consumer discretionary","air-conditioners",""
411,"Epack Durable Ltd","EPACK","consumer discretionary","air-conditioners",""
412,"Aditya Vision Ltd","AVL","consumer discretionary","trading",""
413,"Bata India Limited","BATAINDIA","consumer discretionary","leather / leather products",""
414,"Blue Star Limited","BLUESTARCO","consumer discretionary","air-conditioners",""
415,"Onida Electronics Ltd","ONIDA","consumer discretionary","electronics - consumer",""
416,"Stanley Lifestyles Ltd","STANLEY","consumer discretionary","miscellaneous",""
417,"Spencers Retail Ltd","SPENCERS","consumer discretionary","trading",""
418,"P N Gadgil Jewellers Ltd","PNGJL","consumer discretionary","diamond cutting / jewellery",""
419,"Wonder Electricals Ltd","WEL","consumer discretionary","electric equipment",""
420,"Universus Photo Imagings Ltd","UNIVPHOTO","consumer discretionary","photographic and allied products",""
421,"Vishal Mega Mart Ltd","VMM","consumer discretionary","trading",""
422,"Vaibhav Global Limited","VAIBHAVGBL","consumer discretionary","diamond cutting / jewellery",""
423,"Pokarna Limited","POKARNA","consumer discretionary","miscellaneous",""
424,"Aditya Birla Lifestyle Brands Ltd","ABLBL","consumer discretionary","textiles - products",""
425,"V2 Retail Limited","V2RETAIL","consumer discretionary","textiles - products",""
426,"Renaissance Global Ltd","RGL","consumer discretionary","diamond cutting / jewellery",""
427,"Zenith Exports Limited","ZENITHEXPO","consumer discretionary","leather / leather products",""
428,"Ethos Ltd","ETHOSLTD","consumer discretionary","trading",""
429,"Honeywell Automation India Limited","HONAUT","consumer discretionary","electronics - components",""
430,"Havells India Limited","HAVELLS","consumer discretionary","electric equipment",""
431,"Restaurant Brands Asia Ltd","RBA","consumer discretionary","hotels",""
432,"Ttk Prestige Limited","TTKPRESTIG","consumer discretionary","domestic appliances",""
433,"V-mart Retail Limited","VMART","consumer discretionary","trading",""
434,"Kalyan Jewellers India Ltd","KALYANKJIL","consumer discretionary","diamond cutting / jewellery",""
435,"Landmark Cars Ltd","LANDMARK","consumer discretionary","trading",""
436,"Cartrade Tech Ltd","CARTRADE","consumer discretionary","miscellaneous",""
437,"Sapphire Foods India Ltd","SAPPHIRE","consumer discretionary","hotels",""
438,"Medplus Health Services Ltd","MEDPLUS","consumer discretionary","trading",""
439,"Vintage Coffee & Beverages Ltd","VINCOFE","consumer discretionary","trading",""
440,"Senco Gold Ltd","SENCO","consumer discretionary","diamond cutting / jewellery",""
441,"Redtape Ltd","REDTAPE","consumer discretionary","trading",""
442,"Avenue Supermarts Ltd","DMART","consumer discretionary","trading",""
443,"Sai Silks (Kalamandir) Ltd","KALAMANDIR","consumer discretionary","trading",""
444,"Liberty Shoes Limited","LIBERTSHOE","consumer discretionary","leather / leather products",""
445,"Khadim India Ltd","KHADIM","consumer discretionary","leather / leather products",""
446,"Crompton Greaves Consumer Electricals Limited","CROMPTON","consumer discretionary","electric equipment",""
447,"Orient Electric Ltd","ORIENTELEC","consumer discretionary","domestic appliances",""
448,"Laurus Labs Limited","LAURUSLABS","healthcare","pharmaceuticals - indian - bulk drugs & formln",""
449,"Cipla Limited","CIPLA","healthcare","pharmaceuticals - indian - bulk drugs & formln",""
450,"Medicamen Biotech Ltd","MEDICAMEQ","healthcare","pharmaceuticals - indian - formulations",""
451,"Pfizer Limited","PFIZER","healthcare","pharmaceuticals - multinational",""
452,"Par Drugs & Chemicals Ltd","PAR","healthcare","pharmaceuticals - indian - bulk drugs",""
453,"Lincoln Pharmaceuticals Limited","LINCOLN","healthcare","pharmaceuticals - indian - formulations",""
454,"Artemis Medicare Services Ltd","ARTEMISMED","healthcare","healthcare",""
455,"Cohance Lifesciences Ltd","COHANCE","healthcare","pharmaceuticals - indian - bulk drugs & formln",""
456,"Indraprastha Medical Corporation Limited","INDRAMEDCO","healthcare","healthcare",""
457,"Senores Pharmaceuticals Ltd","SENORES","healthcare","pharmaceuticals - indian - formulations",""
458,"OneSource Specialty Pharma Ltd","ONESOURCE","healthcare","pharmaceuticals - indian - bulk drugs & formln",""
459,"Granules India Limited","GRANULES","healthcare","pharmaceuticals - indian - bulk drugs & formln",""
460,"Divi's Laboratories Limited","DIVISLAB","healthcare","pharmaceuticals - indian - bulk drugs",""
461,"Anthem Biosciences Ltd","ANTHEM","healthcare","pharmaceuticals - indian - bulk drugs & formln",""
462,"Fortis Healthcare Limited","FORTIS","healthcare","healthcare",""
463,"Sun Pharma Advanced Research Company Limited","SPARC","healthcare","miscellaneous",""
464,"Take Solutions Limited","TAKE","healthcare","miscellaneous",""
465,"Viyash Scientific Ltd","VIYASH","healthcare","pharmaceuticals - indian - bulk drugs & formln",""
466,"Brooks Laboratories Limited","BROOKS","healthcare","pharmaceuticals - indian - bulk drugs & formln",""
467,"Alembic Pharmaceuticals Limited","APLLTD","healthcare","pharmaceuticals - indian - bulk drugs & formln",""
468,"Piramal Pharma Ltd","PPLPHARMA","healthcare","pharmaceuticals - indian - bulk drugs & formln",""
469,"Krishna Institute of Medical Sciences Ltd","KIMS","healthcare","healthcare",""
470,"Vijaya Diagnostic Centre Ltd","VIJAYA","healthcare","healthcare",""
471,"Mankind Pharma Ltd","MANKIND","healthcare","pharmaceuticals - indian - bulk drugs & formln",""
472,"Supriya Lifescience Ltd","SUPRIYA","healthcare","pharmaceuticals - indian - bulk drugs & formln",""
473,"Iol Chemicals And Pharmaceuticals Limited","IOLCP","healthcare","pharmaceuticals - indian - bulk drugs & formln",""
474,"Kopran Limited","KOPRAN","healthcare","pharmaceuticals - indian - bulk drugs & formln",""
475,"Yatharth Hospital & Trauma Care Services Ltd","YATHARTH","healthcare","healthcare",""
476,"Marksans Pharma Limited","MARKSANS","healthcare","pharmaceuticals - indian - formulations",""
477,"Kilitch Drugs (india) Limited","KILITCH","healthcare","pharmaceuticals - indian - formulations",""
478,"Sakar Healthcare Ltd","SAKAR","healthcare","pharmaceuticals - indian - bulk drugs & formln",""
479,"Dishman Carbogen Amcis Ltd","DCAL","healthcare","pharmaceuticals - indian - bulk drugs & formln",""
480,"Valiant Laboratories Ltd","VALIANTLAB","healthcare","pharmaceuticals - indian - bulk drugs & formln",""
481,"Balaxi Pharmaceuticals Ltd","BALAXI","healthcare","pharmaceuticals - indian - bulk drugs & formln",""
482,"Healthcare Global Enterprises Limited","HCG","healthcare","healthcare",""
483,"Innova Captab Ltd","INNOVACAP","healthcare","pharmaceuticals - indian - bulk drugs & formln",""
484,"Jubilant Pharmova Ltd","JUBLPHARMA","healthcare","pharmaceuticals - indian - bulk drugs",""
485,"Medico Remedies Ltd","MEDICO","healthcare","pharmaceuticals - indian - bulk drugs & formln",""
486,"GPT Healthcare Ltd","GPTHEALTH","healthcare","healthcare",""
487,"Shilpa Medicare Limited","SHILPAMED","healthcare","pharmaceuticals - indian - formulations",""
488,"Zim Laboratories Ltd","ZIMLAB","healthcare","pharmaceuticals - indian - bulk drugs & formln",""
489,"Amrutanjan Health Care Limited","AMRUTANJAN","healthcare","pharmaceuticals - indian - formulations",""
490,"Procter & Gamble Health Ltd","PGHL","healthcare","pharmaceuticals - multinational",""
491,"Lupin Limited","LUPIN","healthcare","pharmaceuticals - indian - bulk drugs & formln",""
492,"Emcure Pharmaceuticals Ltd","EMCURE","healthcare","pharmaceuticals - indian - bulk drugs & formln",""
493,"Akums Drugs & Pharmaceuticals Ltd","AKUMS","healthcare","pharmaceuticals - indian - bulk drugs & formln",""
494,"Panacea Biotec Limited","PANACEABIO","healthcare","pharmaceuticals - indian - bulk drugs & formln",""
495,"Novartis India Ltd","NOVARTIND","healthcare","pharmaceuticals - multinational",""
496,"Ajanta Pharma Limited","AJANTPHARM","healthcare","pharmaceuticals - indian - formulations",""
497,"Strides Shasun Limited","STAR","healthcare","pharmaceuticals - indian - bulk drugs & formln",""
498,"Alpa Laboratories Limited","ALPA","healthcare","pharmaceuticals - indian - bulk drugs & formln",""
499,"Jeena Sikho Lifecare Ltd","JSLL","healthcare","trading",""
500,"Rpg Life Sciences Limited","RPGLIFE","healthcare","pharmaceuticals - indian - bulk drugs & formln",""
501,"Gland Pharma Ltd","GLAND","healthcare","pharmaceuticals - indian - formulations",""
502,"Aarti Pharmalabs Ltd","AARTIPHARM","healthcare","pharmaceuticals - indian - bulk drugs & formln",""
503,"Sigachi Industries Ltd","SIGACHI","healthcare","pharmaceuticals - indian - bulk drugs & formln",""
504,"Tarsons Products Ltd","TARSONS","healthcare","miscellaneous",""
505,"Kovai Medical Center & Hospital Ltd","KOVAI","healthcare","healthcare",""
506,"Aarti Drugs Limited","AARTIDRUGS","healthcare","pharmaceuticals - indian - bulk drugs",""
507,"Vimta Labs Limited","VIMTALABS","healthcare","miscellaneous",""
508,"Krebs Biochemicals And Industries Limited","KREBSBIO","healthcare","pharmaceuticals - indian - bulk drugs",""
509,"Natural Capsules Ltd","NATCAPSUQ","healthcare","pharmaceuticals - indian - bulk drugs & formln",""
510,"Hester Biosciences Limited","HESTERBIO","healthcare","pharmaceuticals - indian - formulations",""
511,"Sun Pharmaceuticals Industries Limited","SUNPHARMA","healthcare","pharmaceuticals - indian - bulk drugs & formln",""
512,"Hikal Limited","HIKAL","healthcare","pharmaceuticals - indian - bulk drugs",""
513,"Syngene International Limited","SYNGENE","healthcare","miscellaneous",""
514,"Aurobindo Pharma Limited","AUROPHARMA","healthcare","pharmaceuticals - indian - bulk drugs & formln",""
515,"Kaya Limited","KAYA","healthcare","miscellaneous",""
516,"Advanced Enzyme Technologies Limited","ADVENZYMES","healthcare","pharmaceuticals - indian - bulk drugs & formln",""
517,"Solara Active Pharma Sciences Ltd","SOLARA","healthcare","pharmaceuticals - indian - bulk drugs & formln",""
518,"Indegene Ltd","INDGN","healthcare","miscellaneous",""
519,"Lyka Labs Limited","LYKALABS","healthcare","pharmaceuticals - indian - bulk drugs & formln",""
520,"Abbott India Limited","ABBOTINDIA","healthcare","pharmaceuticals - multinational",""
521,"Sanofi India Limited","SANOFI","healthcare","pharmaceuticals - multinational",""
522,"Sanofi Consumer Healthcare India Ltd","SANOFICONR","healthcare","pharmaceuticals - multinational",""
523,"Suraksha Diagnostic Ltd","SURAKSHA","healthcare","healthcare",""
524,"Sai Life Sciences Ltd","SAILIFE","healthcare","pharmaceuticals - indian - bulk drugs & formln",""
525,"Max Healthcare Institute Ltd","MAXHEALTH","healthcare","healthcare",""
526,"Glenmark Pharmaceuticals Limited","GLENMARK","healthcare","pharmaceuticals - indian - bulk drugs & formln",""
527,"Laxmi Dental Ltd","LAXMIDENTL","healthcare","healthcare",""
528,"Ind-swift Laboratories Limited","INDSWFTLAB","healthcare","pharmaceuticals - indian - bulk drugs & formln",""
529,"Unichem Laboratories Limited","UNICHEMLAB","healthcare","pharmaceuticals - indian - bulk drugs & formln",""
530,"Gujarat Themis Biosyn Ltd","GUJTHEM","healthcare","pharmaceuticals - indian - bulk drugs",""
531,"Dr Agarwals Health Care Ltd","AGARWALEYE","healthcare","healthcare",""
532,"Apollo Hospitals Enterprise Limited","APOLLOHOSP","healthcare","healthcare",""
533,"Biocon Limited","BIOCON","healthcare","pharmaceuticals - indian - bulk drugs & formln",""
534,"Nectar Lifesciences Limited","NECLIFE","healthcare","pharmaceuticals - indian - bulk drugs & formln",""
535,"Rainbow Childrens Medicare Ltd","RAINBOW","healthcare","healthcare",""
536,"Bafna Pharmaceuticals Ltd","BAFNAPH","healthcare","pharmaceuticals - indian - formulations",""
537,"Lotus Eye Care Hospital Limited","LOTUSEYE","healthcare","healthcare",""
538,"Anlon Healthcare Ltd","AHCL","healthcare","pharmaceuticals - indian - bulk drugs & formln",""
539,"Alivus Life Sciences Ltd","ALIVUS","healthcare","pharmaceuticals - indian - bulk drugs & formln",""
540,"Windlas Biotech Ltd","WINDLAS","healthcare","pharmaceuticals - indian - formulations",""
541,"Aarey Drugs & Pharmaceuticals Ltd","AAREYDRUGS","healthcare","pharmaceuticals - indian - bulk drugs",""
542,"Concord Biotech Ltd","CONCORDBIO","healthcare","pharmaceuticals - indian - bulk drugs & formln",""
543,"Neuland Laboratories Limited","NEULANDLAB","healthcare","pharmaceuticals - indian - bulk drugs",""
544,"Caplin Point Laboratories Limited","CAPLIPOINT","healthcare","pharmaceuticals - indian - formulations",""
545,"Jupiter Life Line Hospitals Ltd","JLHL","healthcare","healthcare",""
546,"NGL Fine Chem Ltd","NGLFINE","healthcare","pharmaceuticals - indian - bulk drugs",""
547,"Bal Pharma Limited","BALPHARMA","healthcare","pharmaceuticals - indian - bulk drugs & formln",""
548,"Haleos Labs Limited","HALEOSLABS","healthcare","pharmaceuticals - indian - bulk drugs & formln",""
549,"Zota Health Care Ltd","ZOTA","healthcare","pharmaceuticals - indian - bulk drugs & formln",""
550,"Alkem Laboratories Limited","ALKEM","healthcare","pharmaceuticals - indian - bulk drugs & formln",""
551,"Vaishali Pharma Ltd","VAISHALI","healthcare","pharmaceuticals - indian - bulk drugs & formln",""
552,"Narayana Hrudayalaya Ltd.","NH","healthcare","healthcare",""
553,"Venus Remedies Limited","VENUSREM","healthcare","pharmaceuticals - indian - formulations",""
554,"Shalby Ltd","SHALBY","healthcare","healthcare",""
555,"Thyrocare Technologies Limited","THYROCARE","healthcare","healthcare",""
556,"Aster DM Healthcare Ltd","ASTERDM","healthcare","healthcare",""
557,"Themis Medicare Limited","THEMISMED","healthcare","pharmaceuticals - indian - bulk drugs & formln",""
558,"Suven Life Sciences Limited","SUVEN","healthcare","miscellaneous",""
559,"Entero Healthcare Solutions Ltd","ENTERO","healthcare","trading",""
560,"Dr. Reddy's Laboratories Limited","DRREDDY","healthcare","pharmaceuticals - indian - bulk drugs & formln",""
561,"Morepen Laboratories Limited","MOREPENLAB","healthcare","pharmaceuticals - indian - bulk drugs & formln",""
562,"Torrent Pharmaceuticals Limited","TORNTPHARM","healthcare","pharmaceuticals - indian - formulations",""
563,"Glaxosmithkline Pharmaceuticals Limited","GLAXO","healthcare","pharmaceuticals - multinational",""
564,"Metropolis Healthcare Ltd","METROPOLIS","healthcare","healthcare",""
565,"Fdc Limited","FDC","healthcare","pharmaceuticals - indian - bulk drugs & formln",""
566,"Poly Medicure Limited","POLYMED","healthcare","healthcare",""
567,"Bliss Gvs Pharma Limited","BLISSGVS","healthcare","pharmaceuticals - indian - formulations",""
568,"Anuh Pharma Ltd","ANUHPHR","healthcare","pharmaceuticals - indian - bulk drugs",""
569,"Wockhardt Limited","WOCKPHARMA","healthcare","pharmaceuticals - indian - bulk drugs & formln",""
570,"Zydus Lifesciences Ltd","ZYDUSLIFE","healthcare","pharmaceuticals - indian - bulk drugs & formln",""
571,"Astrazeneca Pharma India Limited","ASTRAZEN","healthcare","pharmaceuticals - multinational",""
572,"Jagsonpal Pharmaceuticals Limited","JAGSNPHARM","healthcare","pharmaceuticals - indian - bulk drugs & formln",""
573,"Gufic Biosciences Limited","GUFICBIO","healthcare","pharmaceuticals - indian - bulk drugs & formln",""
574,"Indoco Remedies Limited","INDOCO","healthcare","pharmaceuticals - indian - bulk drugs & formln",""
575,"Sms Pharmaceuticals Limited","SMSPHARMA","healthcare","pharmaceuticals - indian - bulk drugs",""
576,"Global Health Ltd","MEDANTA","healthcare","healthcare",""
577,"Krsnaa Diagnostics Ltd","KRSNAA","healthcare","healthcare",""
578,"Acutaas Chemicals Ltd","ACUTAAS","healthcare","pharmaceuticals - indian - bulk drugs",""
579,"Albert David Limited","ALBERTDAVD","healthcare","pharmaceuticals - indian - bulk drugs & formln",""
580,"Wanbury Limited","WANBURY","healthcare","pharmaceuticals - indian - bulk drugs & formln",""
581,"Orchid Pharma Ltd","ORCHPHARMA","healthcare","pharmaceuticals - indian - bulk drugs & formln",""
582,"Syncom Formulations (India) Ltd","SYNCOMF","healthcare","pharmaceuticals - indian - bulk drugs & formln",""
583,"Ipca Laboratories Limited","IPCALAB","healthcare","pharmaceuticals - indian - bulk drugs & formln",""
584,"Eris Lifesciences Ltd","ERIS","healthcare","pharmaceuticals - indian - formulations",""
585,"Natco Pharma Limited","NATCOPHARM","healthcare","pharmaceuticals - indian - bulk drugs & formln",""
586,"Blue Jet Healthcare Ltd","BLUEJET","healthcare","pharmaceuticals - indian - bulk drugs & formln",""
587,"Dr. Lal Path Labs Ltd.","LALPATHLAB","healthcare","healthcare",""
588,"Bajaj Healthcare Ltd","BAJAJHCARE","healthcare","pharmaceuticals - indian - bulk drugs & formln",""
589,"Veedol Corporation Ltd","VEEDOL","chemicals","chemicals",""
590,"Pidilite Industries Limited","PIDILITIND","chemicals","chemicals",""
591,"Deepak Fertilizers And Petrochemicals Corporation Limited","DEEPAKFERT","chemicals","chemicals",""
592,"Gujarat Narmada Valley Fertilizers And Chemicals Limited","GNFC","chemicals","chemicals",""
593,"Nocil Limited","NOCIL","chemicals","chemicals",""
594,"Bhagiradha Chemicals & Industries Ltd","BHAGCHEM","chemicals","pesticides / agrochemicals - indian",""
595,"Srf Limited","SRF","chemicals","chemicals",""
596,"OCCL Ltd","OCCLLTD","chemicals","chemicals",""
597,"Deepak Nitrite Limited","DEEPAKNTR","chemicals","chemicals",""
598,"Punjab Chemicals & Crop Protection Limited","PUNJABCHEM","chemicals","pesticides / agrochemicals - indian",""
599,"Primo Chemicals Ltd","PRIMO","chemicals","chlor alkali / soda ash",""
600,"Jubilant Agri & Consumer Products Ltd","JUBLCPL","chemicals","chemicals",""
601,"Khaitan Chemicals & Fertilizers Ltd","KHAICHEM","chemicals","fertilizers",""
602,"Dynemic Products Ltd","DYNPRO","chemicals","dyes and pigments",""
603,"Upl Limited","UPL","chemicals","pesticides / agrochemicals - indian",""
604,"Kiri Industries Limited","KIRIINDUS","chemicals","dyes and pigments",""
605,"Paradeep Phosphates Ltd","PARADEEP","chemicals","fertilizers",""
606,"Fineotex Chemical Limited","FCL","chemicals","chemicals",""
607,"Vishnu Chemicals Limited","VISHNU","chemicals","chemicals",""
608,"Fairchem Organics Ltd","FAIRCHEMOR","chemicals","chemicals",""
609,"Heranba Industries Ltd","HERANBA","chemicals","pesticides / agrochemicals - indian",""
610,"Archean Chemical Industries Ltd","ACI","chemicals","chemicals",""
611,"Clean Science & Technology Ltd","CLEAN","chemicals","chemicals",""
612,"Meghmani Organics Ltd","MOL","chemicals","pesticides / agrochemicals - indian",""
613,"Gulf Oil Lubricants India Limited","GULFOILLUB","chemicals","chemicals",""
614,"Sharda Cropchem Limited","SHARDACROP","chemicals","pesticides / agrochemicals - indian",""
615,"National Fertilizers Limited","NFL","chemicals","fertilizers",""
616,"Jocil Limited","JOCIL","chemicals","chemicals",""
617,"Indo Borax & Chemicals Ltd","INDOBORAX","chemicals","chemicals",""
618,"Shivalik Rasayan Ltd","SHIVALIK","chemicals","pesticides / agrochemicals - indian",""
619,"Poddar Pigments Limited","PODDARMENT","chemicals","dyes and pigments",""
620,"Privi Speciality Chemicals Ltd","PRIVISCL","chemicals","chemicals",""
621,"Arvee Laboratories (India) Ltd","ARVEE","chemicals","chemicals",""
622,"Valiant Organics Ltd","VALIANTORG","chemicals","chemicals",""
623,"Platinum Industries Ltd","PLATIND","chemicals","chemicals",""
624,"Bharat Rasayan Limited","BHARATRAS","chemicals","pesticides / agrochemicals - indian",""
625,"Fine Organic Industries Ltd","FINEORG","chemicals","chemicals",""
626,"The Andhra Sugars Limited","ANDHRSUGAR","chemicals","chlor alkali / soda ash",""
627,"Dic India Limited","DICIND","chemicals","chemicals",""
628,"Diamines & Chemicals Ltd","DIAMINESQ","chemicals","chemicals",""
629,"Shankar Lal Rampal Dye-Chem Ltd","SRD","chemicals","trading",""
630,"Lords Chloro Alkali Ltd","LORDSCHLO","chemicals","chlor alkali / soda ash",""
631,"Excel Industries Limited","EXCELINDUS","chemicals","pesticides / agrochemicals - indian",""
632,"Gujarat State Fertilizers & Chemicals Limited","GSFC","chemicals","fertilizers",""
633,"Tata Chemicals Limited","TATACHEM","chemicals","chemicals",""
634,"Gujarat Fluorochemicals Ltd","FLUOROCHEM","chemicals","chemicals",""
635,"Sumitomo Chemical India Ltd","SUMICHEM","chemicals","pesticides / agrochemicals - indian",""
636,"Aarti Surfactants Ltd","AARTISURF","chemicals","chemicals",""
637,"Rossari Biotech Ltd","ROSSARI","chemicals","chemicals",""
638,"Grauer & Weil (India) Ltd","GRAUWEIL","chemicals","chemicals",""
639,"DMCC Speciality Chemicals Ltd","DMCC","chemicals","chemicals",""
640,"PCBL Ltd","PCBL","chemicals","chemicals",""
641,"Stallion India Fluorochemicals Ltd","STALLION","chemicals","chemicals",""
642,"Alkyl Amines Chemicals Limited","ALKYLAMINE","chemicals","chemicals",""
643,"Dhanuka Agritech Limited","DHANUKA","chemicals","pesticides / agrochemicals - indian",""
644,"Indogulf Cropsciences Ltd","IGCL","chemicals","pesticides / agrochemicals - indian",""
645,"Camlin Fine Sciences Limited","CAMLINFINE","chemicals","chemicals",""
646,"Insecticides (india) Limited","INSECTICID","chemicals","pesticides / agrochemicals - indian",""
647,"Chembond Chemicals Ltd","CHEMBONDCH","chemicals","chemicals",""
648,"Astec Lifesciences Limited","ASTEC","chemicals","pesticides / agrochemicals - indian",""
649,"DDev Plastiks Industries Ltd","DDEVPLSTIK","chemicals","chemicals",""
650,"Laxmi Organic Industries Ltd","LXCHEM","chemicals","chemicals",""
651,"India Pesticides Ltd","IPL","chemicals","pesticides / agrochemicals - indian",""
652,"HP Adhesives Ltd","HPAL","chemicals","chemicals",""
653,"Linde India Limited","LINDEINDIA","chemicals","chemicals",""
654,"Apcotex Industries Limited","APCOTEXIND","chemicals","miscellaneous",""
655,"Vinyl Chemicals (india) Limited","VINYLINDIA","chemicals","trading",""
656,"Aarti Industries Limited","AARTIIND","chemicals","chemicals",""
657,"Jayant Agro Organics Limited","JAYAGROGN","chemicals","chemicals",""
658,"AksharChem (India) Ltd","AKSHARCHEM","chemicals","dyes and pigments",""
659,"Shree Pushkar Chemicals & Fertilisers Limited","SHREEPUSHK","chemicals","dyes and pigments",""
660,"Nagarjuna Fertilizers And Chemicals Limited","NAGAFERT","chemicals","fertilizers",""
661,"Chemfab Alkalis Ltd","CHEMFAB","chemicals","chemicals",""
662,"Atul Limited","ATUL","chemicals","chemicals",""
663,"Basf India Limited","BASF","chemicals","chemicals",""
664,"Southern Petrochemicals Industries Corporation  Limited","SPIC","chemicals","fertilizers",""
665,"Chambal Fertilizers & Chemicals Limited","CHAMBLFERT","chemicals","fertilizers",""
666,"Bhageria Industries Limited","BHAGERIA","chemicals","dyes and pigments",""
667,"Foseco India Limited","FOSECOIND","chemicals","chemicals",""
668,"Godrej Industries Limited","GODREJIND","chemicals","chemicals",""
669,"Himadri Speciality Chemical Limited","HSCL","chemicals","chemicals",""
670,"Balaji Amines Limited","BALAMINES","chemicals","chemicals",""
671,"Amines & Plasticizers Ltd","AMNPLST","chemicals","chemicals",""
672,"Bayer Cropscience Limited","BAYERCROP","chemicals","pesticides / agrochemicals - multinational",""
673,"Sudarshan Colorants India Ltd","SUDARCOLOR","chemicals","dyes and pigments",""
674,"Sadhana Nitro Chem Ltd","SADHNANIQ","chemicals","chemicals",""
675,"Navin Fluorine International Limited","NAVINFLUOR","chemicals","chemicals",""
676,"Aether Industries Ltd","AETHER","chemicals","chemicals",""
677,"Gem Aromatics Ltd","GEMAROMA","chemicals","chemicals",""
678,"Chemcon Speciality Chemicals Ltd","CHEMCON","chemicals","chemicals",""
679,"Zuari Agro Chemicals Limited","ZUARI","chemicals","fertilizers",""
680,"Tatva Chintan Pharma Chem Ltd","TATVA","chemicals","chemicals",""
681,"Epigral Ltd","EPIGRAL","chemicals","chemicals",""
682,"Sikko Industries Ltd","SIKKO","chemicals","pesticides / agrochemicals - indian",""
683,"Pi Industries Limited","PIIND","chemicals","pesticides / agrochemicals - indian",""
684,"Vinati Organics Limited","VINATIORGA","chemicals","chemicals",""
685,"Rashtriya Chemicals And Fertilizers Limited","RCF","chemicals","fertilizers",""
686,"Bodal Chemicals Limited","BODALCHEM","chemicals","dyes and pigments",""
687,"Sanginita Chemicals Ltd","SANGINITA","chemicals","chemicals",""
688,"S H Kelkar And Company Limited","SHK","chemicals","chemicals",""
689,"Galaxy Surfactants Ltd","GALAXYSURF","chemicals","chemicals",""
690,"Yasho Industries Ltd","YASHO","chemicals","chemicals",""
691,"J.G.Chemicals Ltd","JGCHEM","chemicals","chemicals",""
692,"Fertilizers And Chemicals Travancore Limited","FACT","chemicals","fertilizers",""
693,"Oriental Aromatics Ltd","OAL","chemicals","chemicals",""
694,"Madras Fertilizers Limited","MADRASFERT","chemicals","fertilizers",""
695,"Chembond Material Technologies Ltd","CHEMBOND","chemicals","chemicals",""
696,"Ghcl Limited","GHCL","chemicals","chemicals",""
697,"Ig Petrochemicals Limited","IGPL","chemicals","chemicals",""
698,"Kronox Lab Sciences Ltd","KRONOX","chemicals","chemicals",""
699,"Ishan Dyes and chemicals Ltd","ISHANCH","chemicals","dyes and pigments",""
700,"Rallis India Limited","RALLIS","chemicals","pesticides / agrochemicals - indian",""
701,"Thirumalai Chemicals Limited","TIRUMALCHM","chemicals","chemicals",""
702,"Castrol India Limited","CASTROLIND","chemicals","chemicals",""
703,"Neogen Chemicals Ltd","NEOGEN","chemicals","chemicals",""
704,"Vidhi Specialty Food Ingredients","VIDHIING","chemicals","dyes and pigments",""
705,"Hindprakash Industries Ltd","HPIL","chemicals","dyes and pigments",""
706,"Coromandel International Limited","COROMANDEL","chemicals","fertilizers",""
707,"Kanoria Chemicals & Industries Limited","KANORICHEM","chemicals","chemicals",""
708,"Sudarshan Chemical Industries Limited","SUDARSCHEM","chemicals","dyes and pigments",""
709,"Ivp Limited","IVP","chemicals","chemicals",""
710,"Gp Petroleums Limited","GULFPETRO","chemicals","chemicals",""
711,"Sree Rayalaseema Hi-strength Hypo Limited","SRHHYPOLTD","chemicals","chemicals",""
712,"Asahi Songwon Colors Limited","ASAHISONG","chemicals","dyes and pigments",""
713,"Aries Agro Limited","ARIES","chemicals","fertilizers",""
714,"Mangalam Organics Ltd","MANORG","chemicals","chemicals",""
715,"Jubilant Ingrevia Ltd","JUBLINGREA","chemicals","chemicals",""
716,"Anupam Rasayan India Ltd","ANURAS","chemicals","chemicals",""
717,"Dharmaj Crop Guard Ltd","DHARMAJ","chemicals","pesticides / agrochemicals - indian",""
718,"Chemplast Sanmar Ltd","CHEMPLASTS","chemicals","chemicals",""
719,"Plastiblends India Limited","PLASTIBLEN","chemicals","chemicals",""
720,"Rama Phosphates Ltd","RAMAPHO","chemicals","fertilizers",""
721,"Indo Amines Ltd","INDOAMIN","chemicals","chemicals",""
722,"NACL Industries Ltd","NACLIND","chemicals","pesticides / agrochemicals - indian",""
723,"Krishana Phoschem Ltd","KRISHANA","chemicals","fertilizers",""
724,"Madhya Bharat Agro Products Ltd","MBAPL","chemicals","fertilizers",""
725,"Best Agrolife Ltd","BESTAGRO","chemicals","pesticides / agrochemicals - indian",""
726,"Gujarat Alkalies And Chemicals Limited","GUJALKALI","chemicals","chemicals",""
727,"Nova Agritech Ltd","NOVAAGRI","chemicals","fertilizers",""
728,"Hindcon Chemicals Ltd","HINDCON","chemicals","chemicals",""
729,"KPI Green Energy Ltd","KPIGREEN","power & utilities","power generation and supply",""
730,"Torrent Power Limited","TORNTPOWER","power & utilities","power generation and supply",""
731,"Indowind Energy Limited","INDOWIND","power & utilities","power generation and supply",""
732,"Adani Power Limited","ADANIPOWER","power & utilities","power generation and supply",""
733,"Jsw Energy Limited","JSWENERGY","power & utilities","power generation and supply",""
734,"Orient Green Power Company Limited","GREENPOWER","power & utilities","power generation and supply",""
735,"Dpsc Limited","DPSCLTD","power & utilities","power generation and supply",""
736,"Adani Energy Solutions Ltd","ADANIENSOL","power & utilities","power generation and supply",""
737,"Cesc Limited","CESC","power & utilities","power generation and supply",""
738,"Jaiprakash Power Ventures Limited","JPPOWER","power & utilities","power generation and supply",""
739,"Nhpc Limited","NHPC","power & utilities","power generation and supply",""
740,"Ujaas Energy Ltd","UEL","power & utilities","power generation and supply",""
741,"Adani Green Energy Ltd","ADANIGREEN","power & utilities","power generation and supply",""
742,"Tata Power Company Limited","TATAPOWER","power & utilities","power generation and supply",""
743,"NTPC Green Energy Ltd","NTPCGREEN","power & utilities","power generation and supply",""
744,"Ntpc Limited","NTPC","power & utilities","power generation and supply",""
745,"Reliance Power Limited","RPOWER","power & utilities","power generation and supply",""
746,"Nlc India Limited","NLCINDIA","power & utilities","power generation and supply",""
747,"Sjvn Limited","SJVN","power & utilities","power generation and supply",""
748,"Gujarat Industries Power Company Limited","GIPCL","power & utilities","power generation and supply",""
749,"Waaree Renewables Technologies Ltd","WAAREERTL","power & utilities","engineering - turnkey services",""
750,"Bf Utilities Limited","BFUTILITIE","power & utilities","power generation and supply",""
751,"Ptc India Limited","PTC","power & utilities","trading",""
752,"Siemens Energy India Ltd","ENRIN","power & utilities","power generation and supply",""
753,"Bhagyanagar India","BHAGYANGR","power & utilities","power generation and supply",""
754,"Power Grid Corporation Of India Limited","POWERGRID","power & utilities","power generation and supply",""
755,"Rattanindia Power Limited","RTNPOWER","power & utilities","power generation and supply",""
756,"Digicontent Ltd","DGCONTENT","media","entertainment / electronic media software",""
757,"Mukta Arts Limited","MUKTAARTS","media","entertainment / electronic media software",""
758,"New Delhi Television Limited","NDTV","media","entertainment / electronic media software",""
759,"Ht Media Limited","HTMEDIA","media","entertainment / electronic media software",""
760,"Sun Tv Network Limited","SUNTV","media","entertainment / electronic media software",""
761,"Den Networks Limited","DEN","media","entertainment / electronic media software",""
762,"Wonderla Holidays Limited","WONDERLA","media","recreation / amusement parks",""
763,"GTPL Hathway","GTPL","media","entertainment / electronic media software",""
764,"Zee Entertainment Enterprises Limited","ZEEL","media","entertainment / electronic media software",""
765,"Sambhaav Media Limited","SAMBHAAV","media","entertainment / electronic media software",""
766,"Dish Tv India Limited","DISHTV","media","entertainment / electronic media software",""
767,"Bodhi Tree Multimedia Ltd","BTML","media","entertainment / electronic media software",""
768,"Ufo Moviez India Limited","UFO","media","entertainment / electronic media software",""
769,"Music Broadcast","RADIOCITY","media","entertainment / electronic media software",""
770,"Saregama India Limited","SAREGAMA","media","entertainment / electronic media software",""
771,"Tips Music Ltd","TIPSMUSIC","media","entertainment / electronic media software",""
772,"Tv Today Network Limited","TVTODAY","media","entertainment / electronic media software",""
773,"PVR Inox Ltd","PVRINOX","media","entertainment / electronic media software",""
774,"Jagran Prakashan Limited","JAGRAN","media","entertainment / electronic media software",""
775,"Hindustan Media Ventures Limited","HMVL","media","entertainment / electronic media software",""
776,"Shemaroo Entertainment Limited","SHEMAROO","media","entertainment / electronic media software",""
777,"Imagicaaworld Entertainment Ltd","IMAGICAA","media","recreation / amusement parks",""
778,"R K Swamy Ltd","RKSWAMY","media","miscellaneous",""
779,"Aqylon Nexus Ltd","AQYLON","media","entertainment / electronic media software",""
780,"Balaji Telefilms Limited","BALAJITELE","media","entertainment / electronic media software",""
781,"Entertainment Network (india) Limited","ENIL","media","entertainment / electronic media software",""
782,"Zee Media Corporation Limited","ZEEMEDIA","media","entertainment / electronic media software",""
783,"Network18 Media & Investments Limited","NETWORK18","media","entertainment / electronic media software",""
784,"Cineline India Limited","CINELINE","media","entertainment / electronic media software",""
785,"D.b.corp Limited","DBCORP","media","entertainment / electronic media software",""
786,"Tips Films Ltd","TIPSFILMS","media","entertainment / electronic media software",""
787,"The Sandesh Limited","SANDESH","media","entertainment / electronic media software",""
788,"Megastar Foods Ltd","MEGASTAR","fmcg","food - processing - indian",""
789,"Dabur India Limited","DABUR","fmcg","personal care - indian",""
790,"Dhampur Sugar Mills Limited","DHAMPURSUG","fmcg","sugar",""
791,"Eid Parry India Limited","EIDPARRY","fmcg","sugar",""
792,"India Glycols Limited","INDIAGLYCO","fmcg","breweries & distilleries",""
793,"Allied Blenders & Distillers Ltd","ABDL","fmcg","breweries & distilleries",""
794,"Zydus Wellness Limited","ZYDUSWELL","fmcg","food - processing - indian",""
795,"Nestle India Limited","NESTLEIND","fmcg","food - processing - mnc",""
796,"Colgate Palmolive (india) Limited","COLPAL","fmcg","personal care - multinational",""
797,"Itc Limited","ITC","fmcg","cigarettes",""
798,"Coastal Corporation Ltd","COASTCORP","fmcg","aquaculture",""
799,"Vishwaraj Sugar Industries Ltd","VISHWARAJ","fmcg","sugar",""
800,"Gm Breweries Limited","GMBREW","fmcg","breweries & distilleries",""
801,"United Spirits Ltd","UNITDSPR","fmcg","breweries & distilleries",""
802,"Ponni Sugars (erode) Limited","PONNIERODE","fmcg","sugar",""
803,"United Breweries Limited","UBL","fmcg","breweries & distilleries",""
804,"Jayshree Tea & Industries Limited","JAYSREETEA","fmcg","tea",""
805,"Vst Industries Limited","VSTIND","fmcg","cigarettes",""
806,"K.m.sugar Mills Limited","KMSUGAR","fmcg","sugar",""
807,"Gillanders Arbuthnot & Company Limited","GILLANDERS","fmcg","tea",""
808,"Uttam Sugar Mills Limited","UTTAMSUGAR","fmcg","sugar",""
809,"Kaveri Seed Company Limited","KSCL","fmcg","miscellaneous",""
810,"Kohinoor Foods Limited","KOHINOOR","fmcg","food - processing - indian",""
811,"Gokul Refoils And Solvent Limited","GOKUL","fmcg","trading",""
812,"Globus Spirits Limited","GLOBUSSPR","fmcg","breweries & distilleries",""
813,"Kcp Sugar And Industries Corporation Limited","KCPSUGIND","fmcg","sugar",""
814,"Hindustan Foods Ltd","HNDFDS","fmcg","diversified - large",""
815,"Nath Bio-genes (india) Limited","NATHBIOGEN","fmcg","miscellaneous",""
816,"HMA Agro Industries Ltd","HMAAGRO","fmcg","food - processing - indian",""
817,"The Grob Tea Company Limited","GROBTEA","fmcg","tea",""
818,"Gokul Agro Resources Limited","GOKULAGRO","fmcg","solvent extraction",""
819,"Chamanlal Setia Exports Ltd","CLSEL","fmcg","food - processing - indian",""
820,"Mukka Proteins Ltd","MUKKA","fmcg","food - processing - indian",""
821,"Indo US Bio-Tech Ltd","INDOUS","fmcg","miscellaneous",""
822,"Bannari Amman Sugars Limited","BANARISUG","fmcg","sugar",""
823,"Dalmia Bharat Sugar And Industries Limited","DALMIASUG","fmcg","sugar",""
824,"Manorama Industries Ltd","MANORAMA","fmcg","food - processing - indian",""
825,"Cupid Limited","CUPID","fmcg","personal care - indian",""
826,"Godfrey Phillips India Limited","GODFRYPHLP","fmcg","cigarettes",""
827,"Pix Transmission Ltd","PIXTRANS","fmcg","miscellaneous",""
828,"GRM Overseas Ltd","GRMOVER","fmcg","food - processing - indian",""
829,"TATA Consumer Products Ltd","TATACONSUM","fmcg","tea",""
830,"Rana Sugars Limited","RANASUG","fmcg","sugar",""
831,"Som Distilleries & Breweries Limited","SDBL","fmcg","breweries & distilleries",""
832,"Associated Alcohols & Breweries Ltd","ASALCBR","fmcg","breweries & distilleries",""
833,"Godrej Consumer Products Limited","GODREJCP","fmcg","personal care - indian",""
834,"Rossell India Limited","ROSSELLIND","fmcg","tea",""
835,"Kriti Nutrients Ltd","KRITINUT","fmcg","solvent extraction",""
836,"Dhampur Bio Organics Ltd","DBOL","fmcg","sugar",""
837,"Mrs Bectors Food Specialities Ltd","BECTORFOOD","fmcg","food - processing - indian",""
838,"Davangere Sugar Company Ltd","DAVANGERE","fmcg","sugar",""
839,"Tasty Bite Eatables Ltd","TASTYBITE","fmcg","food - processing - indian",""
840,"Adf Foods Limited","ADFFOODS","fmcg","food - processing - indian",""
841,"Dodla Dairy Ltd","DODLA","fmcg","food - processing - indian",""
842,"Dhunseri Tea & Industries Limited","DTIL","fmcg","tea",""
843,"Gujarat Ambuja Exports Limited","GAEL","fmcg","miscellaneous",""
844,"Sukhjit Starch & Chemicals Ltd","SUKHJITS","fmcg","miscellaneous",""
845,"Magadh Sugar & Energy Ltd","MAGADSUGAR","fmcg","sugar",""
846,"Euro India Fresh Foods Ltd","EIFFL","fmcg","food - processing - indian",""
847,"Prataap Snacks Ltd","DIAMONDYD","fmcg","food - processing - indian",""
848,"Godrej Agrovet Ltd","GODREJAGRO","fmcg","food - processing - indian",""
849,"Sheetal Cool Products Ltd","SCPL","fmcg","food - processing - indian",""
850,"Sarveshwar Foods Ltd","SARVESHWAR","fmcg","food - processing - indian",""
851,"The Ugar Sugar Works Limited","UGARSUGAR","fmcg","sugar",""
852,"Narmada Agrobase Ltd","NARMADA","fmcg","miscellaneous",""
853,"Bombay Super Hybrid Seeds Ltd","BSHSL","fmcg","miscellaneous",""
854,"Tinna Rubber & Infrastructure Ltd","TINNARUBR","fmcg","miscellaneous",""
855,"Balrampur Chini Mills Limited","BALRAMCHIN","fmcg","sugar",""
856,"Krbl Limited","KRBL","fmcg","food - processing - indian",""
857,"Sundrop Brands Ltd","SUNDROP","fmcg","food - processing - indian",""
858,"Emami Limited","EMAMILTD","fmcg","personal care - indian",""
859,"Rajshree Sugars & Chemicals Limited","RAJSREESUG","fmcg","sugar",""
860,"Rubfila International Ltd","RUBFILA","fmcg","miscellaneous",""
861,"Sanstar Ltd","SANSTAR","fmcg","miscellaneous",""
862,"Hindustan Unilever Limited","HINDUNILVR","fmcg","personal care - multinational",""
863,"Hatsun Agro Product Limited","HATSUN","fmcg","food - processing - indian",""
864,"Godavari Biorefineries Ltd","GODAVARIB","fmcg","sugar",""
865,"Ifb Agro Industries Limited","IFBAGRO","fmcg","breweries & distilleries",""
866,"Foods & Inns Ltd","FOODSIN","fmcg","food - processing - indian",""
867,"Radico Khaitan Limited","RADICO","fmcg","breweries & distilleries",""
868,"Dwarikesh Sugar Industries Limited","DWARKESH","fmcg","sugar",""
869,"Grp Limited","GRPLTD","fmcg","miscellaneous",""
870,"Mcleod Russel India Limited","MCLEODRUSS","fmcg","tea",""
871,"Jyothy Laboratories Limited","JYOTHYLAB","fmcg","personal care - indian",""
872,"Avanti Feeds Limited","AVANTIFEED","fmcg","food - processing - indian",""
873,"Norben Tea & Exports Limited","NORBTEAEXP","fmcg","tea",""
874,"Sampann Utpadan India Ltd","SAMPANN","fmcg","miscellaneous",""
875,"Bikaji Foods International Ltd","BIKAJI","fmcg","food - processing - indian",""
876,"Sula Vineyards Ltd","SULA","fmcg","breweries & distilleries",""
877,"Heritage Foods Limited","HERITGFOOD","fmcg","food - processing - indian",""
878,"Venky's (india) Limited","VENKEYS","fmcg","miscellaneous",""
879,"DCM Shriram Industries Ltd","DCMSRIND","fmcg","sugar",""
880,"Waterbase Ltd","WATERBASE","fmcg","aquaculture",""
881,"Elgi Rubber Company Limited","ELGIRUBCO","fmcg","miscellaneous",""
882,"BCL Industries Ltd","BCLIND","fmcg","breweries & distilleries",""
883,"The Peria Karamalai Tea & Produce Company Limited","PKTEA","fmcg","tea",""
884,"The United Nilgiri Tea Estates Company Limited","UNITEDTEA","fmcg","tea",""
885,"Apex Frozen Foods Ltd","APEX","fmcg","aquaculture",""
886,"Parag Milk Foods Limited","PARAGMILK","fmcg","food - processing - indian",""
887,"Varun Beverages Limited","VBL","fmcg","food - processing - indian",""
888,"Bajaj Hindusthan Sugar Limited","BAJAJHIND","fmcg","sugar",""
889,"Shreeoswal Seeds & Chemicals Ltd","OSWALSEEDS","fmcg","miscellaneous",""
890,"Patanjali Foods Ltd","PATANJALI","fmcg","solvent extraction",""
891,"Procter & Gamble Hygiene And Health Care Limited","PGHH","fmcg","personal care - multinational",""
892,"Harrisons  Malayalam Limited","HARRMALAYA","fmcg","miscellaneous",""
893,"Zuari Industries Ltd","ZUARIIND","fmcg","sugar",""
894,"Britannia Industries Limited","BRITANNIA","fmcg","food - processing - mnc",""
895,"Marico Limited","MARICO","fmcg","solvent extraction",""
896,"Tilaknagar Industries Limited","TI","fmcg","breweries & distilleries",""
897,"Triveni Engineering & Industries Limited","TRIVENI","fmcg","sugar",""
898,"Sakthi Sugars Limited","SAKHTISUG","fmcg","sugar",""
899,"Gillette India Limited","GILLETTE","fmcg","personal care - multinational",""
900,"International Conveyors Ltd","INTLCONV","fmcg","miscellaneous",""
901,"Shree Renuka Sugars Limited","RENUKA","fmcg","sugar",""
902,"L T Foods Ltd","LTFOODS","fmcg","food - processing - indian",""
903,"AWL Agri Business Ltd","AWL","fmcg","solvent extraction",""
904,"Empyrean Cashews Ltd","KRISHIVAL","fmcg","food - processing - indian",""
905,"Somi Conveyor Beltings Limited","SOMICONVEY","fmcg","miscellaneous",""
906,"Bajaj Consumer Care Ltd","BAJAJCON","fmcg","personal care - indian",""
907,"Avt Natural Products Limited","AVTNPL","fmcg","solvent extraction",""
908,"Vadilal Industries Limited","VADILALIND","fmcg","food - processing - indian",""
909,"Ccl Products (india) Limited","CCL","fmcg","tea",""
910,"Skm Egg Products Export (india) Limited","SKMEGGPROD","fmcg","food - processing - indian",""
911,"Mawana Sugars Limited","MAWANASUG","fmcg","sugar",""
912,"Avadh Sugar & Energy","AVADHSUGAR","fmcg","sugar",""
913,"Piccadily Agro Industries Ltd","PICCADIL","fmcg","breweries & distilleries",""
914,"Gopal Snacks Ltd","GOPAL","fmcg","food - processing - indian",""
915,"Kotak Mahindra Bank Limited","KOTAKBANK","bank","banks - private sector",""
916,"The Federal Bank  Limited","FEDERALBNK","bank","banks - private sector",""
917,"CSB Bank Ltd","CSBBANK","bank","banks - private sector",""
918,"Icici Bank Limited","ICICIBANK","bank","banks - private sector",""
919,"Dhanlaxmi Bank Limited","DHANBANK","bank","banks - private sector",""
920,"City Union Bank Limited","CUB","bank","banks - private sector",""
921,"Bank Of Maharashtra Ltd","MAHABANK","bank","banks - public sector",""
922,"Fino Payments Bank Ltd","FINOPB","bank","banks - private sector",""
923,"Jana Small Finance Bank Ltd","JSFB","bank","banks - private sector",""
924,"Bank Of Baroda Ltd","BANKBARODA","bank","banks - public sector",""
925,"The South Indian Bank Limited","SOUTHBANK","bank","banks - private sector",""
926,"Punjab National Bank Ltd","PNB","bank","banks - public sector",""
927,"Canara Bank Ltd","CANBK","bank","banks - public sector",""
928,"Yes Bank Limited","YESBANK","bank","banks - private sector",""
929,"The Karnataka Bank Limited","KTKBANK","bank","banks - private sector",""
930,"Dcb Bank Limited","DCBBANK","bank","banks - private sector",""
931,"Punjab & Sind Bank","PSB","bank","banks - public sector",""
932,"Suryoday Small Finance Bank Ltd","SURYODAY","bank","banks - private sector",""
933,"IDFC First Bank Ltd","IDFCFIRSTB","bank","banks - private sector",""
934,"Capital Small Finance Bank Ltd","CAPITALSFB","bank","banks - private sector",""
935,"Bandhan Bank Ltd","BANDHANBNK","bank","banks - private sector",""
936,"Idbi Bank Limited","IDBI","bank","banks - private sector",""
937,"Axis Bank Limited","AXISBANK","bank","banks - private sector",""
938,"Indian Bank Ltd","INDIANB","bank","banks - public sector",""
939,"Equitas Small Finance Bank Ltd","EQUITASBNK","bank","banks - private sector",""
940,"AU Small Finance Bank Ltd","AUBANK","bank","banks - private sector",""
941,"Rbl Bank Limited","RBLBANK","bank","banks - private sector",""
942,"Karur Vysya Bank Limited","KARURVYSYA","bank","banks - private sector",""
943,"State Bank Of India Ltd","SBIN","bank","banks - public sector",""
944,"Hdfc Bank Limited","HDFCBANK","bank","banks - private sector",""
945,"Ujjivan Small Finance Bank Ltd","UJJIVANSFB","bank","banks - private sector",""
946,"Bank Of India Ltd","BANKINDIA","bank","banks - public sector",""
947,"Indusind Bank Limited","INDUSINDBK","bank","banks - private sector",""
948,"The Jammu & Kashmir Bank Limited","J&KBANK","bank","banks - private sector",""
949,"Indian Overseas Bank Ltd","IOB","bank","banks - public sector",""
950,"Union Bank Of India Ltd","UNIONBANK","bank","banks - public sector",""
951,"Uco Bank Ltd","UCOBANK","bank","banks - public sector",""
952,"Central Bank Of India Ltd","CENTRALBK","bank","banks - public sector",""
953,"Tamilnad Mercantile Bank Ltd","TMB","bank","banks - private sector",""
954,"Utkarsh Small Finance Bank Ltd","UTKARSHBNK","bank","banks - private sector",""
955,"ESAF Small Finance Bank Ltd","ESAFSFB","bank","banks - private sector",""
956,"Force Motors Ltd","FORCEMOT","auto","automobiles - lcvs / hcvs",""
957,"Wheels India Limited","WHEELS","auto","auto ancillaries",""
958,"Hero Motocorp Limited","HEROMOTOCO","auto","automobiles - motorcycles / mopeds",""
959,"Mrf Limited","MRF","auto","tyres",""
960,"Sundram Fasteners Limited","SUNDRMFAST","auto","auto ancillaries",""
961,"Ola Electric Mobility Ltd","OLAELEC","auto","automobiles - motorcycles / mopeds",""
962,"Mahindra & Mahindra Limited","M&M","auto","automobiles - passenger cars",""
963,"Tolins Tyres Ltd","TOLINS","auto","tyres",""
964,"Atul Auto Limited","ATULAUTO","auto","automobiles - scooters and 3 - wheelers",""
965,"Bharat Gears Limited","BHARATGEAR","auto","auto ancillaries",""
966,"Gabriel India Limited","GABRIEL","auto","auto ancillaries",""
967,"Maruti Suzuki India Limited","MARUTI","auto","automobiles - passenger cars",""
968,"Uno Minda Ltd","UNOMINDA","auto","auto ancillaries",""
969,"Jbm Auto Limited","JBMA","auto","auto ancillaries",""
970,"Motherson Sumi Wiring India Ltd","MSUMI","auto","auto ancillaries",""
971,"Pricol Ltd.","PRICOLLTD","auto","auto ancillaries",""
972,"Subros Limited","SUBROS","auto","auto ancillaries",""
973,"Rico Auto Industries Limited","RICOAUTO","auto","auto ancillaries",""
974,"Sona BLW Precision Forgings Ltd","SONACOMS","auto","auto ancillaries",""
975,"RACL Geartech Ltd","RACLGEAR","auto","auto ancillaries",""
976,"The Hi-tech Gears Limited","HITECHGEAR","auto","auto ancillaries",""
977,"Divgi Torqtransfer Systems Ltd","DIVGIITTS","auto","auto ancillaries",""
978,"S J S Enterprises Ltd","SJS","auto","plastics products",""
979,"Bharat Seats Ltd","BHARATSE","auto","auto ancillaries",""
980,"Menon Bearings Limited","MENONBE","auto","auto ancillaries",""
981,"ASK Automotive Ltd","ASKAUTOLTD","auto","auto ancillaries",""
982,"Urja Global Ltd","URJA","auto","automobiles - motorcycles / mopeds",""
983,"Amara Raja Energy & Mobility Ltd","ARE&M","auto","auto ancillaries",""
984,"Goodyear India Ltd","GOODYEAR","auto","tyres",""
985,"V.s.t Tillers Tractors Limited","VSTTILLERS","auto","automobiles - tractors",""
986,"Escorts Kubota Ltd","ESCORTS","auto","automobiles - tractors",""
987,"Bosch Limited","BOSCHLTD","auto","auto ancillaries",""
988,"Tata Motors Passenger Vehicles Ltd","TMPV","auto","automobiles - passenger cars",""
989,"Apollo Tyres Limited","APOLLOTYRE","auto","tyres",""
990,"Bombay Burmah Trading Corporation Limited","BBTC","auto","auto ancillaries",""
991,"Setco Automotive Limited","SETCO","auto","auto ancillaries",""
992,"SML Mahindra Ltd","SMLMAH","auto","automobiles - lcvs / hcvs",""
993,"Federal-mogul Goetze (india) Limited.","FMGOETZE","auto","auto ancillaries",""
994,"Ather Energy Ltd","ATHERENERG","auto","automobiles - scooters and 3 - wheelers",""
995,"Shivam Autotech Limited","SHIVAMAUTO","auto","auto ancillaries",""
996,"Lumax Auto Technologies Limited","LUMAXTECH","auto","auto ancillaries",""
997,"Bajaj Auto Limited","BAJAJ-AUTO","auto","automobiles - scooters and 3 - wheelers",""
998,"ZF Commercial Vehicle Control System India Ltd","ZFCVINDIA","auto","auto ancillaries",""
999,"Lumax Industries Limited","LUMAXIND","auto","auto ancillaries",""
1000,"Samvardhana Motherson International Ltd","MOTHERSON","auto","auto ancillaries",""
1001,"Pavna Industries Ltd","PAVNAIND","auto","auto ancillaries",""
1002,"Omax Autos Limited","OMAXAUTO","auto","auto ancillaries",""
1003,"JTEKT India Ltd","JTEKTINDIA","auto","auto ancillaries",""
1004,"Rolex Rings Ltd","ROLEXRINGS","auto","auto ancillaries",""
1005,"Sansera Engineering Ltd","SANSERA","auto","auto ancillaries",""
1006,"Jullundur Motor Agency (delhi) Limited","JMA","auto","auto ancillaries",""
1007,"Jk Tyre & Industries Limited","JKTYRE","auto","tyres",""
1008,"Sandhar Technologies Limited","SANDHAR","auto","auto ancillaries",""
1009,"India Motor Parts And Accessories Limited","IMPAL","auto","auto ancillaries",""
1010,"Remsons Industries Limited","REMSONSIND","auto","auto ancillaries",""
1011,"Ucal Ltd","UCAL","auto","auto ancillaries",""
1012,"Ceat Limited","CEATLTD","auto","tyres",""
1013,"Balkrishna Industries Limited","BALKRISIND","auto","tyres",""
1014,"Automotive Axles Limited","AUTOAXLES","auto","auto ancillaries",""
1015,"India Nippon Electricals Limited","INDNIPPON","auto","auto ancillaries",""
1016,"Tvs Motor Company Limited","TVSMOTOR","auto","automobiles - motorcycles / mopeds",""
1017,"Olectra Greentech Ltd","OLECTRA","auto","automobiles - lcvs / hcvs",""
1018,"Suprajit Engineering Limited","SUPRAJIT","auto","auto ancillaries",""
1019,"Tvs Srichakra Limited","TVSSRICHAK","auto","tyres",""
1020,"Fiem Industries Limited","FIEMIND","auto","auto ancillaries",""
1021,"Autoline Industries Limited","AUTOIND","auto","auto ancillaries",""
1022,"Ppap Automotive Limited","PPAP","auto","auto ancillaries",""
1023,"Steel Strips Wheels Limited","SSWL","auto","auto ancillaries",""
1024,"Craftsman Automation Ltd","CRAFTSMAN","auto","auto ancillaries",""
1025,"Munjal Showa Limited","MUNJALSHOW","auto","auto ancillaries",""
1026,"Munjal Auto Industries Limited","MUNJALAU","auto","auto ancillaries",""
1027,"Minda Corporation Limited","MINDACORP","auto","auto ancillaries",""
1028,"Banco Products (i) Limited","BANCOINDIA","auto","auto ancillaries",""
1029,"Varroc Engineering Ltd","VARROC","auto","auto ancillaries",""
1030,"Exide Industries Limited","EXIDEIND","auto","auto ancillaries",""
1031,"Sundaram Brake Linings Limited","SUNDRMBRAK","auto","auto ancillaries",""
1032,"Lg Balakrishnan & Bros Limited","LGBBROSLTD","auto","bearings",""
1033,"Ashok Leyland Limited","ASHOKLEY","auto","automobiles - lcvs / hcvs",""
1034,"Kross Ltd","KROSS","auto","auto ancillaries",""
1035,"Hyundai Motor India Ltd","HYUNDAI","auto","automobiles - passenger cars",""
1036,"Talbros Automotive Components Limited","TALBROAUTO","auto","auto ancillaries",""
1037,"Eicher Motors Limited","EICHERMOT","auto","automobiles - motorcycles / mopeds",""
1038,"NDR Auto Components Ltd","NDRAUTO","auto","auto ancillaries",""
1039,"Belrise Industries Ltd","BELRISE","auto","auto ancillaries",""
1040,"Rane (madras) Limited","RML","auto","auto ancillaries",""
1041,"HBL Engineering Ltd","HBLENGINE","auto","auto ancillaries",""
1042,"Sharda Motor Industries Limited","SHARDAMOTR","auto","auto ancillaries",""
1043,"Jamna Auto Industries Limited","JAMNAAUTO","auto","auto ancillaries",""
1044,"Jay Bharat Maruti Limited","JAYBARMARU","auto","auto ancillaries",""
1045,"Automotive Stampings And Assemblies Limited","ASAL","auto","auto ancillaries",""
1046,"Shriram Pistons & Rings Limited","SHRIPISTON","auto","auto ancillaries",""
1047,"Pritika Auto Industries Ltd","PRITIKAUTO","auto","auto ancillaries",""
1048,"Precision Camshafts Limited","PRECAM","auto","auto ancillaries",""
1049,"Sintercom India Ltd","SINTERCOM","auto","auto ancillaries",""
1050,"Gna Axles Limited","GNA","auto","auto ancillaries",""
1051,"Endurance Technologies Limited","ENDURANCE","auto","auto ancillaries",""
1052,"TBO Tek Ltd","TBOTEK","i.t","travel agencies",""
1053,"Infosys Limited","INFY","i.t","computers - software - large",""
1054,"Le Travenues Technology Ltd","IXIGO","i.t","travel agencies",""
1055,"XT Global Infotech Ltd","XTGLOBAL","i.t","computers - software - medium / small",""
1056,"Tata Elxsi Limited","TATAELXSI","i.t","computers - software - medium / small",""
1057,"Xelpmoc Design and Tech Ltd","XELPMOC","i.t","computers - software - medium / small",""
1058,"Indiamart Intermesh Ltd","INDIAMART","i.t","miscellaneous",""
1059,"Affle India Ltd","AFFLE","i.t","computers - software - medium / small",""
1060,"Genesys International Corporation Limited","GENESYS","i.t","computers - software - medium / small",""
1061,"Izmo Limited","IZMO","i.t","computers - software - medium / small",""
1062,"Dynacons Systems & Solutions Limited","DSSL","i.t","computers - software - medium / small",""
1063,"Moschip Technologies Ltd","MOSCHIP","i.t","computers - hardware",""
1064,"Smartlink Network Systems Limited","SMARTLINK","i.t","computers - hardware",""
1065,"Tvs Electronics Limited","TVSELECT","i.t","computers - hardware",""
1066,"eMudhra Ltd","EMUDHRA","i.t","computers - software - medium / small",""
1067,"Persistent Systems Limited","PERSISTENT","i.t","computers - software - large",""
1068,"Sigma Solve Ltd","SIGMA","i.t","computers - software - medium / small",""
1069,"Onward Technologies Limited","ONWARDTEC","i.t","computers - software - medium / small",""
1070,"Kellton Tech Solutions Limited","KELLTONTEC","i.t","computers - software - medium / small",""
1071,"Eternal Ltd","ETERNAL","i.t","miscellaneous",""
1072,"Latent View Analytics Ltd","LATENTVIEW","i.t","computers - software - medium / small",""
1073,"Intellect Design Arena Limited","INTELLECT","i.t","computers - software - medium / small",""
1074,"NIIT Learning Systems Ltd","NIITMTS","i.t","computers - education",""
1075,"Zaggle Prepaid Ocean Services Ltd","ZAGGLE","i.t","computers - software - medium / small",""
1076,"Aurum Proptech Ltd","AURUM","i.t","computers - software - medium / small",""
1077,"Yatra Online Ltd","YATRA","i.t","travel agencies",""
1078,"GVP Infotech Ltd","GVPTECH","i.t","trading",""
1079,"Panache Digilife Ltd","PANACHE","i.t","computers - hardware",""
1080,"Quick Heal Technologies Limited","QUICKHEAL","i.t","computers - software - medium / small",""
1081,"Reliable Data Services Ltd","RELIABLE","i.t","computers - software - medium / small",""
1082,"Vertoz Ltd","VERTOZ","i.t","computers - software - medium / small",""
1083,"NINtec Systems Ltd","NINSYS","i.t","computers - software - medium / small",""
1084,"BLS E-Services Ltd","BLSE","i.t","computers - software - medium / small",""
1085,"LTIMindtree Ltd","LTM","i.t","computers - software - large",""
1086,"E2E Networks Ltd","E2E","i.t","computers - software - medium / small",""
1087,"Saksoft Limited","SAKSOFT","i.t","computers - software - medium / small",""
1088,"Alankit Limited","ALANKIT","i.t","computers - software - medium / small",""
1089,"Black Box Ltd","BBOX","i.t","computers - software - medium / small",""
1090,"Goldstone Technologies Limited","GOLDTECH","i.t","computers - software - medium / small",""
1091,"KPIT Technologies Ltd","KPITTECH","i.t","computers - software - medium / small",""
1092,"DC Infotech & Communication Ltd","DCI","i.t","trading",""
1093,"Swiggy Ltd","SWIGGY","i.t","miscellaneous",""
1094,"One Mobikwik Systems Ltd","MOBIKWIK","i.t","miscellaneous",""
1095,"Route Mobile Ltd","ROUTE","i.t","computers - software - medium / small",""
1096,"Cyient Limited","CYIENT","i.t","computers - software - medium / small",""
1097,"Subex Ltd","SUBEXLTD","i.t","computers - software - medium / small",""
1098,"Ramco Systems Limited","RAMCOSYS","i.t","computers - software - medium / small",""
1099,"California Software Company Limited","CALSOFT","i.t","computers - software - medium / small",""
1100,"Tata Consultancy Services Limited","TCS","i.t","computers - software - large",""
1101,"Alldigi Tech Ltd","ALLDIGI","i.t","computers - software - medium / small",""
1102,"Sasken Communication Technologies Limited","SASKEN","i.t","computers - software - medium / small",""
1103,"Aurionpro Solutions Limited","AURIONPRO","i.t","computers - software - medium / small",""
1104,"Vakrangee Limited","VAKRANGEE","i.t","computers - software - medium / small",""
1105,"Tanla Solutions Limited","TANLA","i.t","computers - software - medium / small",""
1106,"Firstsource Solutions Limited","FSL","i.t","computers - software - medium / small",""
1107,"Airan Ltd","AIRAN","i.t","computers - software - medium / small",""
1108,"Dev Information Technology Ltd","DEVIT","i.t","computers - software - medium / small",""
1109,"AvenuesAI Ltd","CCAVENUE","i.t","miscellaneous",""
1110,"Silver Touch Technologies Ltd","SILVERTUC","i.t","computers - software - medium / small",""
1111,"One Point One Solutions Ltd","ONEPOINT","i.t","computers - software - medium / small",""
1112,"Newgen Software Technologies Ltd","NEWGEN","i.t","computers - software - medium / small",""
1113,"Softtech Engineers Ltd","SOFTTECH","i.t","computers - software - medium / small",""
1114,"Hcl Infosystems Limited","HCL-INSYS","i.t","computers - hardware",""
1115,"Niit Limited","NIITLTD","i.t","computers - education",""
1116,"Unicommerce eSolutions Ltd","UNIECOM","i.t","computers - software - medium / small",""
1117,"Trejhara Solutions Ltd","TREJHARA","i.t","computers - software - medium / small",""
1118,"RPSG Ventures Ltd","RPSGVENT","i.t","computers - software - medium / small",""
1119,"Zensar Technologies Limited","ZENSARTECH","i.t","computers - software - medium / small",""
1120,"Ksolves India Ltd","KSOLVES","i.t","computers - software - medium / small",""
1121,"Happiest Minds Technologies Ltd","HAPPSTMNDS","i.t","computers - software - medium / small",""
1122,"Intense Technologies Ltd","INTENTECH","i.t","computers - software - medium / small",""
1123,"Compucom Software Limited","COMPUSOFT","i.t","computers - education",""
1124,"Birlasoft Ltd","BSOFT","i.t","computers - software - medium / small",""
1125,"Oracle Financial Services Software Limited","OFSS","i.t","computers - software - large",""
1126,"Aptech Limited","APTECHT","i.t","computers - education",""
1127,"Coforge (Niit Tech) Ltd","COFORGE","i.t","computers - software - large",""
1128,"Xchanging Solutions Limited","XCHANGING","i.t","computers - software - medium / small",""
1129,"3i Infotech Ltd","3IINFOLTD","i.t","computers - software - medium / small",""
1130,"Bartronics India Ltd","ASMS","i.t","computers - software - medium / small",""
1131,"R Systems International Limited","RSYSTEMS","i.t","computers - software - medium / small",""
1132,"Info Edge (india) Limited","NAUKRI","i.t","miscellaneous",""
1133,"Expleo Solutions Ltd","EXPLEOSOL","i.t","computers - software - medium / small",""
1134,"Intrasoft Technologies Limited","ISFT","i.t","miscellaneous",""
1135,"Tera Software Ltd","TERASOFT","i.t","computers - software - medium / small",""
1136,"DigiSpice Technologies Ltd","DIGISPICE","i.t","computers - software - medium / small",""
1137,"Mindteck (india) Limited","MINDTECK","i.t","computers - software - medium / small",""
1138,"Tracxn Technologies Ltd","TRACXN","i.t","computers - software - medium / small",""
1139,"DRC Systems India Ltd","DRCSYSTEMS","i.t","computers - software - medium / small",""
1140,"Easy Trip Planners Ltd","EASEMYTRIP","i.t","travel agencies",""
1141,"Nazara Technologies Ltd","NAZARA","i.t","telecommunications - service provider",""
1142,"Network People Services Technologies Ltd","NPST","i.t","computers - software - medium / small",""
1143,"Control Print Limited","CONTROLPR","i.t","computers - hardware",""
1144,"FSN E-Commerce Ventures Ltd","NYKAA","i.t","trading",""
1145,"One 97 Communications Ltd","PAYTM","i.t","miscellaneous",""
1146,"Rategain Travel Technologies Ltd","RATEGAIN","i.t","computers - software - medium / small",""
1147,"C.E. Info Systems Ltd","MAPMYINDIA","i.t","computers - software - medium / small",""
1148,"Magellanic Cloud Ltd","MCLOUD","i.t","computers - software - medium / small",""
1149,"VL E-Governance & IT Solutions Ltd","VLEGOV","i.t","computers - software - medium / small",""
1150,"Mphasis Limited","MPHASIS","i.t","computers - software - large",""
1151,"IRIS Business Services Ltd","IRIS","i.t","computers - software - medium / small",""
1152,"63 Moons Technologies Ltd","63MOONS","i.t","computers - software - medium / small",""
1153,"Rashi Peripherals Ltd","RPTECH","i.t","trading",""
1154,"Bls International Services Limited","BLS","i.t","computers - software - medium / small",""
1155,"L&t Technology Services Limited","LTTS","i.t","computers - software - large",""
1156,"Equippp Social Impact Technologies Ltd","EQUIPPP","i.t","computers - software - medium / small",""
1157,"Nucleus Software Exports Limited","NUCLEUS","i.t","computers - software - medium / small",""
1158,"Orient Technologies Ltd","ORIENTTECH","i.t","computers - software - medium / small",""
1159,"MSTC Ltd","MSTCLTD","i.t","trading",""
1160,"Sagility India Ltd","SAGILITY","i.t","computers - software - medium / small",""
1161,"Inventurus Knowledge Solutions Ltd","IKS","i.t","computers - software - medium / small",""
1162,"Secmark Consultancy Ltd","SECMARK","i.t","computers - software - medium / small",""
1163,"Cybertech Systems And Software Limited","CYBERTECH","i.t","computers - software - medium / small",""
1164,"AAA Technologies Ltd","AAATECH","i.t","computers - software - medium / small",""
1165,"Sonata Software Limited","SONATSOFTW","i.t","computers - software - medium / small",""
1166,"Accelya Kale Solutions Limited","ACCELYA","i.t","computers - software - medium / small",""
1167,"Hcl Technologies Limited","HCLTECH","i.t","computers - software - large",""
1168,"Brightcom Group Ltd","BCG","i.t","computers - software - medium / small",""
1169,"Virinchi Ltd","VIRINCHI","i.t","computers - software - medium / small",""
1170,"Wipro Limited","WIPRO","i.t","computers - software - large",""
1171,"Mps Limited","MPSLTD","i.t","computers - software - medium / small",""
1172,"Datamatics Global Services Limited","DATAMATICS","i.t","computers - software - medium / small",""
1173,"Fcs Software Solutions Limited","FCSSOFT","i.t","computers - software - medium / small",""
1174,"Digitide Solutions Ltd","DIGITIDE","i.t","computers - software - medium / small",""
1175,"Tech Mahindra Limited","TECHM","i.t","computers - software - large",""
1176,"Inspirisys Solutions Ltd","INSPIRISYS","i.t","computers - software - medium / small",""
1177,"Hinduja Global Solutions Limited","HGS","i.t","computers - software - medium / small",""
1178,"Allied Digital Services Limited","ADSL","i.t","computers - software - medium / small",""
1179,"Eclerx Services Limited","ECLERX","i.t","computers - software - medium / small",""
1180,"D-link (india) Limited","DLINKINDIA","i.t","trading",""
1181,"Zee Learn Limited","ZEELEARN","i.t","computers - education",""
1182,"Nureca Ltd","NURECA","i.t","trading",""
1183,"Trigyn Technologies Limited","TRIGYN","i.t","computers - software - medium / small",""
1184,"Just Dial Limited","JUSTDIAL","i.t","miscellaneous",""
1185,"PB Fintech Ltd","POLICYBZR","i.t","miscellaneous",""
1186,"Mastek Limited","MASTEK","i.t","computers - software - medium / small",""
1187,"Netweb Technologies India Ltd","NETWEB","i.t","computers - hardware",""
1188,"InfoBeans Technologies Ltd","INFOBEAN","i.t","computers - software - medium / small",""
1189,"Protean eGov Technologies Ltd","PROTEAN","i.t","computers - software - medium / small",""
1190,"Tata Technologies Ltd","TATATECH","i.t","computers - software - medium / small",""
1191,"Innovana Thinklabs Ltd","INNOVANA","i.t","computers - software - medium / small",""
1192,"Bharat Heavy Electricals Limited","BHEL","industrials","electric equipment",""
1193,"Esab India Limited","ESABINDIA","industrials","electrodes - welding equipment",""
1194,"Kirloskar Brothers Limited","KIRLOSBROS","industrials","pumps",""
1195,"Cummins India Limited","CUMMINSIND","industrials","engines",""
1196,"Siemens Limited","SIEMENS","industrials","electric equipment",""
1197,"The Anup Engineering Ltd","ANUP","industrials","engineering",""
1198,"Aartech Solonics Ltd","AARTECH","industrials","electric equipment",""
1199,"Polycab India Ltd","POLYCAB","industrials","cables - power",""
1200,"Diffusion Engineers Ltd","DIFFNKG","industrials","electrodes - welding equipment",""
1201,"Bharat Bijlee Limited","BBL","industrials","electric equipment",""
1202,"Universal Cables Limited","UNIVCABLES","industrials","cables - power",""
1203,"Ravindra Energy Ltd","RELTD","industrials","electric equipment",""
1204,"Grindwell Norton Limited","GRINDWELL","industrials","abrasives and grinding wheels",""
1205,"Concord Enviro Systems Ltd","CEWATER","industrials","engineering",""
1206,"Indo Farm Equipment Ltd","INDOFARM","industrials","engineering",""
1207,"Modison Ltd","MODISONLTD","industrials","electric equipment",""
1208,"Standard Enginnering Technology Ltd","SETL","industrials","engineering",""
1209,"Quadrant Future Tek Ltd","QUADFUTURE","industrials","cables - power",""
1210,"Aksh Optifibre Limited","AKSHOPTFBR","industrials","cables - telephone",""
1211,"Walchandnagar Industries Limited","WALCHANNAG","industrials","engineering",""
1212,"Graphite India Limited","GRAPHITE","industrials","electrodes - graphites",""
1213,"Prostarm Info Systems Ltd","PROSTARM","industrials","trading",""
1214,"Suzlon Energy Limited","SUZLON","industrials","electric equipment",""
1215,"Amd Industries Limited","AMDIND","industrials","packaging",""
1216,"Transformers & Rectifiers India Ltd","TARIL","industrials","electric equipment",""
1217,"S & S Power Switchgear Ltd","S&SPOWER","industrials","electric equipment",""
1218,"Cords Cable Industries Limited","CORDSCABLE","industrials","cables - power",""
1219,"Jyoti Structures Limited","JYOTISTRUC","industrials","transmisson line towers / equipment",""
1220,"Carborundum Universal Limited","CARBORUNIV","industrials","abrasives and grinding wheels",""
1221,"Vikram Solar Ltd","VIKRAMSOLR","industrials","electric equipment",""
1222,"Jupiter Wagons Ltd","JWL","industrials","engineering",""
1223,"Ador Welding Ltd","ADOR","industrials","electrodes - welding equipment",""
1224,"Harsha Engineers International Ltd","HARSHA","industrials","engineering",""
1225,"Igarashi Motors India Limited","IGARASHI","industrials","electric equipment",""
1226,"Shanthi Gears Limited","SHANTIGEAR","industrials","engineering",""
1227,"GE Vernova T&D India Ltd","GVT&D","industrials","electric equipment",""
1228,"Eimco Elecon (india) Limited","EIMCOELECO","industrials","engineering",""
1229,"Kabra Extrusion Technik Limited","KABRAEXTRU","industrials","engineering",""
1230,"Pyramid Technoplast Ltd","PYRAMID","industrials","packaging",""
1231,"Thejo Engineering Ltd","THEJO","industrials","engineering",""
1232,"Jash Engineering Ltd","JASH","industrials","engineering",""
1233,"Dynamic Cables Ltd","DYCL","industrials","cables - power",""
1234,"Jyoti CNC Automation Ltd","JYOTICNC","industrials","engineering",""
1235,"Commercial Syn Bags Ltd","COMSYN","industrials","packaging",""
1236,"Aaron Industries Ltd","AARON","industrials","engineering",""
1237,"EPL Ltd","EPL","industrials","packaging",""
1238,"Uflex Limited","UFLEX","industrials","packaging",""
1239,"Marine Electricals (India) Ltd","MARINE","industrials","electric equipment",""
1240,"AGI Greenpac Ltd","AGI","industrials","packaging",""
1241,"Ingersoll Rand (india) Limited","INGERRAND","industrials","compressors / drilling equipment",""
1242,"LMW Ltd","LMW","industrials","textile machinery",""
1243,"Shakti Pumps (india) Limited","SHAKTIPUMP","industrials","pumps",""
1244,"Eveready Industries India Limited","EVEREADY","industrials","dry cells",""
1245,"Indo-national Limited","NIPPOBATRY","industrials","dry cells",""
1246,"Welspun Corp Limited","WELCORP","industrials","steel - large",""
1247,"Mamata Machinery Ltd","MAMATA","industrials","engineering",""
1248,"Apar Industries Limited","APARINDS","industrials","electric equipment",""
1249,"Shree Rama Multi-tech Limited","SHREERAMA","industrials","packaging",""
1250,"Ajax Engineering Ltd","AJAXENGG","industrials","engineering",""
1251,"Sterlite Technologies Limited","STLTECH","industrials","cables - telephone",""
1252,"Indef Manufacturing Ltd","BAJAJINDEF","industrials","engineering",""
1253,"Kanpur Plastipack Ltd","KANPRPLA","industrials","packaging",""
1254,"Indo Tech Transformers Limited","INDOTECH","industrials","electric equipment",""
1255,"Lokesh Machines Limited","LOKESHMACH","industrials","engineering",""
1256,"Voltamp Transformers Limited","VOLTAMP","industrials","electric equipment",""
1257,"Action Construction Equipment Limited","ACE","industrials","engineering",""
1258,"V-guard Industries Limited","VGUARD","industrials","electric equipment",""
1259,"Kirloskar Electric Company Limited","KECL","industrials","electric equipment",""
1260,"Apl Apollo Tubes Limited","APLAPOLLO","industrials","steel - large",""
1261,"Schneider Electric Infrastructure Limited","SCHNEIDER","industrials","electric equipment",""
1262,"Websol Energy System Limited","WEBELSOLAR","industrials","electric equipment",""
1263,"Kei Industries Limited","KEI","industrials","cables - power",""
1264,"Ratnamani Metals & Tubes Limited","RATNAMANI","industrials","steel - medium / small",""
1265,"Elgi Equipments Limited","ELGIEQUIP","industrials","compressors / drilling equipment",""
1266,"Yuken India Ltd","YUKEN","industrials","engineering",""
1267,"HLE Glascoat Ltd","HLEGLAS","industrials","engineering",""
1268,"Tega Industries Ltd","TEGA","industrials","engineering",""
1269,"Rishabh Instruments Ltd","RISHABH","industrials","electric equipment",""
1270,"Servotech Power Systems Ltd","SERVOTECH","industrials","electric equipment",""
1271,"Worth Peripherals Ltd","WORTHPERI","industrials","packaging",""
1272,"Hpl Electric & Power Limited","HPL","industrials","electric equipment",""
1273,"Paramount Communications Limited","PARACABLES","industrials","cables - power",""
1274,"Birla Cable Limited","BIRLACABLE","industrials","cables - telephone",""
1275,"Ester Industries Limited","ESTER","industrials","packaging",""
1276,"B&B Triplewall Containers Ltd","BBTCL","industrials","packaging",""
1277,"KSB Ltd","KSB","industrials","pumps",""
1278,"Thermax Limited","THERMAX","industrials","electric equipment",""
1279,"Skf India Limited","SKFINDIA","industrials","bearings",""
1280,"Garware Hi Tech Films Ltd","GRWRHITECH","industrials","packaging",""
1281,"Rollatainers Limited","ROLLT","industrials","packaging",""
1282,"Til Limited","TIL","industrials","engineering",""
1283,"GMM Pfaudler Ltd","GMMPFAUDLR","industrials","engineering",""
1284,"Heg Limited","HEG","industrials","electrodes - graphites",""
1285,"Mold-tek Packaging Limited","MOLDTKPAC","industrials","packaging",""
1286,"Mangal Electrical Industries Ltd","MEIL","industrials","electric equipment",""
1287,"Texmaco Rail & Engineering Limited","TEXRAIL","industrials","engineering",""
1288,"Td Power Systems Limited","TDPOWERSYS","industrials","electric equipment",""
1289,"Salzer Electronics Limited","SALZERELEC","industrials","electric equipment",""
1290,"Triveni Turbine Limited","TRITURBINE","industrials","electric equipment",""
1291,"Roto Pumps Ltd","ROTO","industrials","pumps",""
1292,"Aeroflex Neu Ltd","AERONEU","industrials","packaging",""
1293,"Timken India Limited","TIMKEN","industrials","bearings",""
1294,"Diamond Power Infrastructure Ltd","DIACABS","industrials","cables - power",""
1295,"Praj Industries Limited","PRAJIND","industrials","engineering",""
1296,"Gujarat Apollo Industries Limited","GUJAPOLLO","industrials","engineering",""
1297,"Rajoo Engineers Ltd","RAJOOENG","industrials","engineering",""
1298,"Polyplex Corporation Limited","POLYPLEX","industrials","packaging",""
1299,"R R Kabel Ltd","RRKABEL","industrials","cables - power",""
1300,"Veto Switchgears And Cables Limited","VETO","industrials","electric equipment",""
1301,"Inox India Ltd","INOXINDIA","industrials","packaging",""
1302,"Tube Investments of India Ltd","TIINDIA","industrials","steel - large",""
1303,"ICE Make Refrigeration Ltd","ICEMAKE","industrials","engineering",""
1304,"Lloyds Engineering Works Ltd","LLOYDSENGG","industrials","engineering",""
1305,"Macpower CNC Machines Ltd","MACPOWER","industrials","engineering",""
1306,"Abb India Limited","ABB","industrials","electric equipment",""
1307,"Affordable Robotic & Automation Ltd","AFFORDABLE","industrials","engineering",""
1308,"Latteys Industries Ltd","LATTEYS","industrials","pumps",""
1309,"Xpro India Limited","XPROINDIA","industrials","packaging",""
1310,"De Nora India Limited","DENORA","industrials","electrodes - graphites",""
1311,"CG Power and Industrial Solutions Ltd","CGPOWER","industrials","electric equipment",""
1312,"Rajshree Polypack Ltd","RPPL","industrials","packaging",""
1313,"Spectrum Electrical Industries Ltd","SPECTRUM","industrials","electric equipment",""
1314,"Finolex Cables Limited","FINCABLES","industrials","cables - power",""
1315,"Surya Roshni Limited","SURYAROSNI","industrials","steel - large",""
1316,"Jindal Saw Limited","JINDALSAW","industrials","steel - large",""
1317,"Swaraj Engines Limited","SWARAJENG","industrials","engines",""
1318,"Revathi Equipment India Ltd","RVTH","industrials","engineering",""
1319,"Shree Tirupati Balajee Agro Trading Co. Ltd","BALAJEE","industrials","packaging",""
1320,"Greaves Cotton Limited","GREAVESCOT","industrials","engines",""
1321,"KRN Heat Exchanger and Refrigeration Ltd","KRN","industrials","engineering",""
1322,"Waaree Energies Ltd","WAAREEENER","industrials","electric equipment",""
1323,"Kirloskar Pneumatic Company Ltd","KIRLPNU","industrials","compressors / drilling equipment",""
1324,"Hitachi Energy India Ltd","POWERINDIA","industrials","electric equipment",""
1325,"Wendt (india) Limited","WENDT","industrials","abrasives and grinding wheels",""
1326,"Swelect Energy Systems Limited","SWELECTES","industrials","electric equipment",""
1327,"Elecon Engineering Company Limited","ELECON","industrials","engineering",""
1328,"Schaeffler India Ltd","SCHAEFFLER","industrials","bearings",""
1329,"Trf Limited","TRF","industrials","engineering",""
1330,"Quality Power Electrical Equipments Ltd","QPOWER","industrials","electric equipment",""
1331,"Cosmo First Ltd","COSMOFIRST","industrials","packaging",""
1332,"Huhtamaki India Ltd","HUHTAMAKI","industrials","packaging",""
1333,"Everest Kanto Cylinder Limited","EKC","industrials","packaging",""
1334,"Oswal Pumps Ltd","OSWALPUMPS","industrials","pumps",""
1335,"Titagarh Rail Systems Ltd","TITAGARH","industrials","engineering",""
1336,"Pitti Engineering Ltd","PITTIENG","industrials","engineering",""
1337,"Emmbi Industries Limited","EMMBI","industrials","packaging",""
1338,"Indosolar Ltd","WAAREEINDO","industrials","electric equipment",""
1339,"Kirloskar Oil Engines Limited","KIRLOSENG","industrials","engines",""
1340,"Surana Solar Limited","SURANASOL","industrials","electric equipment",""
1341,"Surana Telecom And Power Limited","SURANAT&P","industrials","trading",""
1342,"Uniparts India Ltd","UNIPARTS","industrials","engineering",""
1343,"United Drilling Tools Ltd","UNIDT","industrials","engineering",""
1344,"Windsor Machines Limited","WINDMACHIN","industrials","engineering",""
1345,"Honda Siel Power Products Limited","HONDAPOWER","industrials","electric equipment",""
1346,"Skipper Limited","SKIPPER","industrials","engineering",""
1347,"TCPL Packaging Ltd","TCPLPACK","industrials","packaging",""
1348,"Nahar Poly Films Limited","NAHARPOLY","industrials","packaging",""
1349,"Mazda Limited","MAZDA","industrials","engineering",""
1350,"Inox Wind Limited","INOXWIND","industrials","electric equipment",""
1351,"Hitech Corporation","HITECHCORP","industrials","packaging",""
1352,"Plaza Wires Ltd","PLAZACABLE","industrials","cables - power",""
1353,"Focus Lighting & Fixtures Ltd","FOCUS","industrials","electric equipment",""
1354,"Tpl Plastech Limited","TPLPLASTEH","industrials","packaging",""
1355,"Nrb Bearing Limited","NRBBEARING","industrials","bearings",""
1356,"Exicom Tele-Systems Ltd","EXICOM","industrials","electric equipment",""
1357,"Power & Instrumentation (Gujarat) Ltd","PIGL","industrials","electric equipment",""
1358,"Reliance Communications Limited","RCOM","telecom-service","telecommunications - service provider",""
1359,"Hathway Cable & Datacom Limited","HATHWAY","telecom-service","telecommunications - service provider",""
1360,"Tata Communications Limited","TATACOMM","telecom-service","telecommunications - service provider",""
1361,"STL Networks Ltd","STLNETWORK","telecom-service","telecommunications - service provider",""
1362,"Tata Teleservices (maharashtra) Limited","TTML","telecom-service","telecommunications - service provider",""
1363,"Onmobile Global Limited","ONMOBILE","telecom-service","telecommunications - service provider",""
1364,"Bharti Hexacom Ltd","BHARTIHEXA","telecom-service","telecommunications - service provider",""
1365,"Gtl Limited","GTL","telecom-service","telecommunications - service provider",""
1366,"Bharti Airtel Limited","BHARTIARTL","telecom-service","telecommunications - service provider",""
1367,"Vodafone Idea Ltd","IDEA","telecom-service","telecommunications - service provider",""
1368,"Aditya Birla Real Estate Ltd","ABREL","realty","construction",""
1369,"Supreme Holdings & Hospitality Ltd","SUPREME","realty","construction",""
1370,"JNK India Ltd","JNKINDIA","realty","engineering - turnkey services",""
1371,"Ceigall India Ltd","CEIGALL","realty","construction",""
1372,"Arihant Foundations & Housing Limited","ARIHANT","realty","construction",""
1373,"The Phoenix Mills Limited","PHOENIXLTD","realty","construction",""
1374,"Garuda Construction and Engineering Ltd","GARUDA","realty","engineering - turnkey services",""
1375,"Enviro Infra Engineers Ltd","EIEL","realty","engineering - turnkey services",""
1376,"GE Power India Ltd","GVPIL","realty","engineering - turnkey services",""
1377,"Denta Water & Infra Solutions Ltd","DENTA","realty","construction",""
1378,"Lancor Holdings Ltd","LANCORHOL","realty","construction",""
1379,"KALPATARU","KALPATARU","realty","construction",""
1380,"Sobha Limited","SOBHA","realty","construction",""
1381,"Hubtown Limited","HUBTOWN","realty","construction",""
1382,"Vipul Limited","VIPULLTD","realty","construction",""
1383,"Embassy Development Limited","EMBDL","realty","construction",""
1384,"Dlf Limited","DLF","realty","construction",""
1385,"Kolte - Patil Developers Limited","KOLTEPATIL","realty","construction",""
1386,"M & B Engineering Ltd","MBEL","realty","construction",""
1387,"Ajmera Realty & Infra India Limited","AJMERA","realty","construction",""
1388,"Mbl Infrastructures Limited","MBLINFRA","realty","construction",""
1389,"Vikran Engineering Ltd","VIKRAN","realty","transmisson line towers / equipment",""
1390,"R.p.p. Infra Projects Limited","RPPINFRA","realty","construction",""
1391,"Hemisphere Properties India Ltd","HEMIPROP","realty","construction",""
1392,"Keystone Realtors Ltd","RUSTOMJEE","realty","construction",""
1393,"PSP Projects Ltd","PSPPROJECT","realty","construction",""
1394,"Bharat Road Network","BRNL","realty","construction",""
1395,"EMS Ltd","EMSLIMITED","realty","engineering - turnkey services",""
1396,"Arvind Smartspaces Limited","ARVSMART","realty","construction",""
1397,"SignatureGlobal India Ltd","SIGNATURE","realty","construction",""
1398,"HEC Infra Projects Ltd","HECPROJECT","realty","engineering - turnkey services",""
1399,"Pansari Developers Ltd","PANSARI","realty","construction",""
1400,"Generic Engineering Construction & Projects Ltd","GENCON","realty","construction",""
1401,"Suraj Estate Developers Ltd","SURAJEST","realty","construction",""
1402,"Dilip Buildcon Limited","DBL","realty","construction",""
1403,"SRM Contractors Ltd","SRM","realty","construction",""
1404,"Ion Exchange (India) Ltd","IONEXCHANG","realty","engineering - turnkey services",""
1405,"Om Infra Ltd","OMINFRAL","realty","engineering - turnkey services",""
1406,"Rail Vikas Nigam Ltd","RVNL","realty","construction",""
1407,"Arkade Developers Ltd","ARKADE","realty","construction",""
1408,"Marathon Nextgen Realty Limited","MARATHON","realty","construction",""
1409,"Sterling & Wilson Renewable Energy Ltd","SWSOLAR","realty","engineering - turnkey services",""
1410,"Deepak Builders & Engineers India Ltd","DBEIL","realty","construction",""
1411,"Afcons Infrastructure Ltd","AFCONS","realty","construction",""
1412,"W S Industries (i) Limited","WSI","realty","construction",""
1413,"Suratwwala Business Group Ltd","SBGLP","realty","construction",""
1414,"Likhitha Infrastructure Ltd","LIKHITHA","realty","construction",""
1415,"Alembic Limited","ALEMBICLTD","realty","construction",""
1416,"Welspun Enterprises Limited","WELENT","realty","construction",""
1417,"Cemindia Projects Ltd","CEMPRO","realty","construction",""
1418,"Gvk Power & Infrastructure Limited","GVKPIL","realty","engineering - turnkey services",""
1419,"Raymond Realty Ltd","RAYMONDREL","realty","construction",""
1420,"Gayatri Projects Limited","GAYAPROJ","realty","construction",""
1421,"Sunteck Realty Limited","SUNTECK","realty","construction",""
1422,"Tarmat Limited","TARMAT","realty","construction",""
1423,"GMR Power & Urban Infra Ltd","GMRP&UI","realty","engineering - turnkey services",""
1424,"Puravankara Projects Limited","PURVA","realty","construction",""
1425,"Brigade Enterprises Limited","BRIGADE","realty","construction",""
1426,"Knr Constructions Limited","KNRCON","realty","construction",""
1427,"Irb Infrastructure Developers Limited","IRB","realty","construction",""
1428,"Va Tech Wabag Limited","WABAG","realty","engineering - turnkey services",""
1429,"Oberoi Realty Limited","OBEROIRLTY","realty","construction",""
1430,"Atal Realtech Ltd","ATALREAL","realty","construction",""
1431,"Tarc Ltd","TARC","realty","construction",""
1432,"Lodha Developers Ltd","LODHA","realty","construction",""
1433,"Soma Textiles & Industries Limited","SOMATEX","realty","construction",""
1434,"BEML Land Assets Ltd","BLAL","realty","construction",""
1435,"Shriram Properties Ltd","SHRIRAMPPS","realty","construction",""
1436,"AGI Infra Ltd","AGIIL","realty","construction",""
1437,"Oswal Green Tech Ltd","OSWALGREEN","realty","construction",""
1438,"Power Mech Projects Limited","POWERMECH","realty","engineering - turnkey services",""
1439,"Ganesh Housing Ltd","GANESHHOU","realty","construction",""
1440,"Max Estates Ltd","MAXESTATES","realty","construction",""
1441,"Bajel Projects Ltd","BAJEL","realty","engineering - turnkey services",""
1442,"Shradha Infraprojects Ltd","SHRADHA","realty","construction",""
1443,"Nila Infrastructures Limited","NILAINFRA","realty","construction",""
1444,"Sumit Woods Ltd","SUMIT","realty","construction",""
1445,"Techno Electric & Engineering Company Ltd","TECHNOE","realty","engineering - turnkey services",""
1446,"Ncc Limited","NCC","realty","construction",""
1447,"Peninsula Land Limited","PENINLAND","realty","construction",""
1448,"ACME Solar Holdings Ltd","ACMESOLAR","realty","engineering - turnkey services",""
1449,"Indian Hume Pipe Company Limited","INDIANHUME","realty","construction",""
1450,"Texmaco Infrastructure & Holdings Limited","TEXINFRA","realty","construction",""
1451,"Engineers India Limited","ENGINERSIN","realty","engineering - turnkey services",""
1452,"Transrail Lighting Ltd","TRANSRAILL","realty","engineering - turnkey services",""
1453,"Arihant Superstructures Ltd","ARIHANTSUP","realty","construction",""
1454,"Sadbhav Engineering Limited","SADBHAV","realty","construction",""
1455,"Kec International Limited","KEC","realty","transmisson line towers / equipment",""
1456,"Atlantaa Ltd","ATLANTAA","realty","engineering - turnkey services",""
1457,"Consolidated Construction Consortium Limited","CCCL","realty","construction",""
1458,"Il&fs Engineering And Construction Company Limited","IL&FSENGG","realty","construction",""
1459,"Bgr Energy Systems Limited","BGRENERGY","realty","engineering - turnkey services",""
1460,"Godrej Properties Limited","GODREJPROP","realty","construction",""
1461,"Valor Estate Ltd","DBREALTY","realty","construction",""
1462,"Man Infraconstruction Limited","MANINFRA","realty","construction",""
1463,"Prestige Estates Projects Limited","PRESTIGE","realty","construction",""
1464,"A2z Infra Engineering Limited","A2ZINFRA","realty","engineering - turnkey services",""
1465,"Vindhya Telelinks Limited","VINDHYATEL","realty","construction",""
1466,"Gpt Infraprojects Limited","GPTINFRA","realty","construction",""
1467,"Ravinder Heights Ltd","RVHL","realty","construction",""
1468,"Pvp Ventures Limited","PVP","realty","construction",""
1469,"Eldeco Housing & Industries Ltd","ELDEHSG","realty","construction",""
1470,"Simplex Infrastructures Limited","SIMPLEXINF","realty","construction",""
1471,"Pnc Infratech Limited","PNCINFRA","realty","construction",""
1472,"Vishnu Prakash R Punglia Ltd","VPRPL","realty","construction",""
1473,"Univastu India Ltd","UNIVASTU","realty","construction",""
1474,"Capacite Infraprojects Ltd","CAPACITE","realty","construction",""
1475,"K.P. Energy Ltd","KPEL","realty","engineering - turnkey services",""
1476,"Zodiac Energy Ltd","ZODIAC","realty","engineering - turnkey services",""
1477,"H.G. Infra Engineering Ltd","HGINFRA","realty","construction",""
1478,"Ircon International Ltd","IRCON","realty","construction",""
1479,"Hindustan Construction Company Limited","HCC","realty","construction",""
1480,"Patel Engineering Limited","PATELENG","realty","construction",""
1481,"AMJ Land Holdings Ltd","AMJLAND","realty","construction",""
1482,"Reliance Infrastructure Limited","RELINFRA","realty","engineering - turnkey services",""
1483,"Spml Infra Limited","SPMLINFRA","realty","engineering - turnkey services",""
1484,"Nila Spaces Ltd","NILASPACES","realty","construction",""
1485,"Larsen & Toubro Limited","LT","realty","engineering - turnkey services",""
1486,"The Motor & General Finance Limited","MOTOGENFIN","realty","miscellaneous",""
1487,"A B Infrabuild Ltd","ABINFRA","realty","construction",""
1488,"Nesco Limited","NESCO","realty","construction",""
1489,"Mahindra Lifespace Developers Limited","MAHLIFE","realty","construction",""
1490,"Unitech Limited","UNITECH","realty","construction",""
1491,"Mcnally Bharat Engineering Company Limited","MBECL","realty","engineering - turnkey services",""
1492,"B. L. Kashyap And Sons Limited","BLKASHYAP","realty","construction",""
1493,"GLOBECIVIL","GLOBECIVIL","realty","construction",""
1494,"Prime Focus Limited","PFOCUS","realty","miscellaneous",""
1495,"Ahluwalia Contracts (india) Limited","AHLUCONT","realty","construction",""
1496,"EFC (I) Ltd","EFCIL","realty","construction",""
1497,"Omaxe Limited","OMAXE","realty","construction",""
1498,"Supreme Infrastructure India Limited","SUPREMEINF","realty","engineering - turnkey services",""
1499,"J.kumar Infraprojects Limited","JKIL","realty","construction",""
1500,"SEPC Ltd","SEPC","realty","engineering - turnkey services",""
1501,"Sri Lotus Developers & Realty Ltd","LOTUSDEV","realty","construction",""
1502,"Niraj Cement Structurals Ltd","NIRAJ","realty","construction",""
1503,"ISGEC Heavy Engineering  Ltd","ISGEC","realty","engineering - turnkey services",""
1504,"Vascon Engineers Limited","VASCONEQ","realty","construction",""
1505,"Emami Realty Ltd","EMAMIREAL","realty","construction",""
1506,"Ramky Infrastructure Limited","RAMKY","realty","construction",""
1507,"Ashoka Buildcon Limited","ASHOKA","realty","engineering - turnkey services",""
1508,"Anant Raj Limited","ANANTRAJ","realty","construction",""
1509,"G R Infraprojects Ltd","GRINFRA","realty","construction",""
1510,"Kalpataru Projects International Ltd","KPIL","realty","transmisson line towers / equipment",""
1511,"Udayshivakumar Infra Ltd","USK","realty","construction",""
1512,"Ashiana Housing Limited","ASHIANA","realty","construction",""
1513,"Mold-tek Technologies Limited","MOLDTECH","realty","engineering - turnkey services",""
1514,"Ginni Filaments Limited","GINNIFILA","textiles","textiles - cotton/blended",""
1515,"Lagnam Spintex Ltd","LAGNAM","textiles","textiles - products",""
1516,"Century Enka Limited","CENTENKA","textiles","textiles - manmade",""
1517,"Nahar Spinning Mills Limited","NAHARSPING","textiles","textiles - cotton/blended",""
1518,"Axita Cotton Ltd","AXITA","textiles","textiles - products",""
1519,"The Ruby Mills Limited","RUBYMILLS","textiles","textiles - composite",""
1520,"Banswara Syntex Limited","BANSWRAS","textiles","textiles - spinning - synthetic / blended",""
1521,"Modern Threads (I) Ltd","MODTHREAD","textiles","textiles - spinning - synthetic / blended",""
1522,"Vip Clothing Limited","VIPCLOTHNG","textiles","textiles - products",""
1523,"Shiva Texyarn Ltd","SHIVATEX","textiles","textiles - cotton/blended",""
1524,"T T Limited","TTL","textiles","textiles - products",""
1525,"Ganesha Ecosphere Limited","GANECOS","textiles","textiles - manmade",""
1526,"Sangam (india) Limited","SANGAMIND","textiles","textiles - spinning - synthetic / blended",""
1527,"R&B Denims Ltd","RNBDENIMS","textiles","textiles - cotton/blended",""
1528,"Suryalakshmi Cotton Mills Limited","SURYALAXMI","textiles","textiles - cotton/blended",""
1529,"Vishal Fabrics Ltd","VISHAL","textiles","textiles - processing",""
1530,"Raj Rayon Industries Ltd","RAJRILTD","textiles","textiles - manmade",""
1531,"Lambodhara Textiles Limited","LAMBODHARA","textiles","textiles - cotton/blended",""
1532,"Rswm Limited","RSWM","textiles","textiles - cotton/blended",""
1533,"Pasupati Acrylon Ltd","PASUPTAC","textiles","textiles - manmade",""
1534,"Gloster Ltd","GLOSTERLTD","textiles","textiles - jute - yarn / products",""
1535,"Siyaram Silk Mills Limited","SIYSIL","textiles","textiles - processing",""
1536,"Precot Meridian Limited","PRECOT","textiles","textiles - cotton/blended",""
1537,"Ambika Cotton Mills Limited","AMBIKCO","textiles","textiles - cotton/blended",""
1538,"Garware Technical Fibres Ltd","GARFIBRES","textiles","textiles - products",""
1539,"Bannari Amman Spinning Mills Limited","BASML","textiles","textiles - cotton/blended",""
1540,"Nitin Spinners Limited","NITINSPIN","textiles","textiles - cotton/blended",""
1541,"Loyal Textile Mills Ltd","LOYALTEX","textiles","textiles - composite",""
1542,"Sumeet Industries Limited","SUMEETINDS","textiles","textiles - manmade",""
1543,"Rupa & Company Limited","RUPA","textiles","textiles - products",""
1544,"Nahar Industrial Enterprises Limited","NAHARINDUS","textiles","textiles - cotton/blended",""
1545,"Alok Industries Ltd","ALOKINDS","textiles","textiles - processing",""
1546,"Weizmann Limited","WEIZMANIND","textiles","textiles - processing",""
1547,"Go Fashion (India) Ltd","GOCOLORS","textiles","textiles - products",""
1548,"Monte Carlo Fashions Limited","MONTECARLO","textiles","textiles - products",""
1549,"GHCL Textiles Ltd","GHCLTEXTIL","textiles","textiles - spinning - synthetic / blended",""
1550,"Sportking India Ltd","SPORTKING","textiles","textiles - spinning - synthetic / blended",""
1551,"Filatex India Limited","FILATEX","textiles","textiles - manmade",""
1552,"Mallcom (India) Ltd","MALLCOM","textiles","textiles - products",""
1553,"Lux Industries Limited","LUXIND","textiles","textiles - composite",""
1554,"Digjam Ltd","DIGJAMLMTD","textiles","textiles - products",""
1555,"Salona Cotspin Limited","SALONA","textiles","textiles - cotton/blended",""
1556,"Arvind Limited","ARVIND","textiles","textiles - cotton/blended",""
1557,"Jindal Poly Films Limited","JINDALPOLY","textiles","textiles - products",""
1558,"Grasim Industries Limited","GRASIM","textiles","textiles - manmade",""
1559,"SBC Exports Ltd","SBC","textiles","textiles - products",""
1560,"DCM Nouvelle Ltd","DCMNVL","textiles","textiles - cotton/blended",""
1561,"Aym Syntex Limited","AYMSYNTEX","textiles","textiles - processing",""
1562,"Nandan Denim Limited","NDL","textiles","textiles - products",""
1563,"Borana Weaves Ltd","BORANA","textiles","textiles - processing",""
1564,"Indian Card Clothing Company Limited","INDIANCARD","textiles","textiles - products",""
1565,"Sutlej Textiles And Industries Limited","SUTLEJTEX","textiles","textiles - cotton/blended",""
1566,"Donear Industries Limited","DONEAR","textiles","textiles - processing",""
1567,"Orbit Exports Limited","ORBTEXP","textiles","textiles - processing",""
1568,"Himatsingka Seide Limited","HIMATSEIDE","textiles","textiles - products",""
1569,"Welspun Living Ltd","WELSPUNLIV","textiles","textiles - products",""
1570,"Vardhman Polytex Limited","VARDMNPOLY","textiles","textiles - cotton/blended",""
1571,"Varvee Global Ltd","VGL","textiles","textiles - cotton/blended",""
1572,"Indo Count Industries Limited","ICIL","textiles","textiles - cotton/blended",""
1573,"PDS Ltd","PDSL","textiles","trading",""
1574,"Vardhman Acrylics Limited","VARDHACRLC","textiles","textiles - manmade",""
1575,"Globe Textiles (India) Ltd","GLOBE","textiles","textiles - products",""
1576,"Manomay Tex India Ltd","MANOMAY","textiles","textiles - products",""
1577,"Pashupati Cotspin Ltd","PASHUPATI","textiles","textiles - cotton/blended",""
1578,"Cheviot Company Ltd","CHEVIOT","textiles","textiles - jute - yarn / products",""
1579,"Lorenzini Apparels Ltd","LAL","textiles","trading",""
1580,"Bombay Dyeing & Mfg Company Limited","BOMDYEING","textiles","textiles - manmade",""
1581,"Indo Rama Synthetics (india) Limited","INDORAMA","textiles","textiles - manmade",""
1582,"Saraswati Saree Depot Ltd","SSDL","textiles","trading",""
1583,"Raymond Lifestyle Ltd","RAYMONDLSL","textiles","textiles - products",""
1584,"Jindal Worldwide Limited","JINDWORLD","textiles","textiles - products",""
1585,"Vardhman Textiles Limited","VTL","textiles","textiles - cotton/blended",""
1586,"Swan Corp Ltd","SWANCORP","textiles","textiles - products",""
1587,"Sanathan Textiles Ltd","SANATHAN","textiles","textiles - cotton/blended",""
1588,"Bsl Limited","BSL","textiles","textiles - processing",""
1589,"Cantabil Retail India Limited","CANTABIL","textiles","textiles - products",""
1590,"Mahalaxmi Rubtech Ltd","MHLXMIRU","textiles","textiles - processing",""
1591,"Indian Terrain Fashions Limited","INDTERRAIN","textiles","trading",""
1592,"Lovable Lingerie Limited","LOVABLE","textiles","textiles - products",""
1593,"Maral Overseas Limited","MARALOVER","textiles","textiles - cotton/blended",""
1594,"Trident Limited","TRIDENT","textiles","textiles - cotton/blended",""
1595,"United Polyfab Gujarat Ltd","UNITEDPOLY","textiles","textiles - products",""
1596,"Sarla Performance Fibers Limited","SARLAPOLY","textiles","textiles - spinning - synthetic / blended",""
1597,"Standard Industries Limited","SIL","textiles","trading",""
1598,"Faze Three Ltd","FAZE3Q","textiles","textiles - processing",""
1599,"Mangalore Refinery And Petrochemicals Limited","MRPL","energy","refineries",""
1600,"Hindustan Oil Exploration Company Limited","HINDOILEXP","energy","oil drilling / allied services",""
1601,"Manali Petrochemicals Limited","MANALIPETC","energy","petrochemicals",""
1602,"Reliance Industries Limited","RELIANCE","energy","refineries",""
1603,"Styrenix Performance Materials Ltd","STYRENIX","energy","petrochemicals",""
1604,"Prabha Energy Ltd","PRABHA","energy","oil drilling / allied services",""
1605,"Dolphin Offshore Enterprises (India) Ltd","DOLPHIN","energy","oil drilling / allied services",""
1606,"Savita Oil Technologies Limited","SOTL","energy","petrochemicals",""
1607,"Hindustan Petroleum Corporation Limited","HINDPETRO","energy","refineries",""
1608,"Chennai Petroleum Corporation Limited","CHENNPETRO","energy","refineries",""
1609,"Indian Oil Corporation Limited","IOC","energy","refineries",""
1610,"Oil & Natural Gas Corporation Limited","ONGC","energy","oil drilling / allied services",""
1611,"Kothari Petrochemicals Limited","KOTHARIPET","energy","petrochemicals",""
1612,"Indraprastha Gas Limited","IGL","energy","miscellaneous",""
1613,"Petronet Lng Limited","PETRONET","energy","miscellaneous",""
1614,"Oil India Limited","OIL","energy","oil drilling / allied services",""
1615,"Panama Petrochem Limited","PANAMAPET","energy","petrochemicals",""
1616,"Gandhar Oil Refinery (India) Ltd","GANDHAR","energy","refineries",""
1617,"Antelopus Selan Energy Ltd","ANTELOPUS","energy","oil drilling / allied services",""
1618,"Mahanagar Gas Limited","MGL","energy","miscellaneous",""
1619,"Bhansali Engineering Polymers Limited","BEPL","energy","petrochemicals",""
1620,"Supreme Petrochem Ltd","SPLPETRO","energy","petrochemicals",""
1621,"Tamilnadu Petroproducts Limited","TNPETRO","energy","petrochemicals",""
1622,"Gail (india) Limited","GAIL","energy","miscellaneous",""
1623,"Jindal Drilling And Industries Limited","JINDRILL","energy","oil drilling / allied services",""
1624,"IRM Energy Ltd","IRMENERGY","energy","miscellaneous",""
1625,"Asian Energy Services Ltd","ASIANENE","energy","oil drilling / allied services",""
1626,"Dcw Limited","DCW","energy","petrochemicals",""
1627,"Adani Total Gas Ltd","ATGL","energy","miscellaneous",""
1628,"Bharat Petroleum Corporation Limited","BPCL","energy","refineries",""
1629,"Agarwal Industrial Corporation Limited","AGARIND","energy","petrochemicals",""
1630,"Goa Carbon Limited","GOACARBON","energy","petrochemicals",""
1631,"Deep Industries Ltd","DEEPINDS","energy","oil drilling / allied services",""
1632,"Gujarat Energy Ltd","GUJENERGY","energy","miscellaneous",""
1633,"Nelco Limited","NELCO","telecom","telecommunications - service provider",""
1634,"Gtl Infrastructure Limited","GTLINFRA","telecom","transmisson line towers / equipment",""
1635,"HFCL Ltd","HFCL","telecom","cables - telephone",""
1636,"Tejas Networks Ltd","TEJASNET","telecom","telecommunications - equipment",""
1637,"Mahanagar Telephone Nigam Limited","MTNL","telecom","telecommunications - service provider",""
1638,"Umiya Buildcon Ltd","UMIYA-MRO","telecom","telecommunications - equipment",""
1639,"Indus Towers Ltd (Bharti Infratel)","INDUSTOWER","telecom","transmisson line towers / equipment",""
1640,"Suyog Telematics Ltd","SUYOG","telecom","transmisson line towers / equipment",""
1641,"Optiemus Infracom Ltd","OPTIEMUS","telecom","trading",""
1642,"Finolex Industries Limited","FINPIPE","plastic products","plastics products",""
1643,"Shaily Engineering Plastics Ltd","SHAILY","plastic products","plastics products",""
1644,"Vip Industries Limited","VIPIND","plastic products","moulded luggage",""
1645,"Jai Corp Limited","JAICORPLTD","plastic products","plastics products",""
1646,"Premier Polyfilm Limited","PREMIERPOL","plastic products","plastics products",""
1647,"Pil Italica Lifestyle Limited","PILITA","plastic products","plastics products",""
1648,"Apollo Pipes Ltd","APOLLOPIPE","plastic products","plastics products",""
1649,"Supreme Industries Limited","SUPREMEIND","plastic products","plastics products",""
1650,"Safari Industries (India) Ltd","SAFARI","plastic products","moulded luggage",""
1651,"Nilkamal Limited","NILKAMAL","plastic products","plastics products",""
1652,"Kingfa Science & Technology (india) Limited","KINGFA","plastic products","plastics products",""
1653,"Kriti Industries (India) Ltd","KRITI","plastic products","plastics products",""
1654,"Prince Pipes & Fittings Ltd","PRINCEPIPE","plastic products","plastics products",""
1655,"Responsive Industries Limited","RESPONIND","plastic products","plastics products",""
1656,"Astral Ltd","ASTRAL","plastic products","plastics products",""
1657,"Time Technoplast Limited","TIMETECHNO","plastic products","plastics products",""
1658,"Texmo Pipes And Products Limited","TEXMOPIPES","plastic products","plastics products",""
1659,"Mahindra EPC Irrigation Ltd","MAHEPC","plastic products","plastics products",""
1660,"Jain Irrigation Systems Limited","JISLJALEQS","plastic products","plastics products",""
1661,"Prakash Pipes Ltd","PPL","plastic products","plastics products",""
1662,"All Time Plastics Ltd","ALLTIME","plastic products","plastics products",""
1663,"Arrow Greentech Limited","ARROWGREEN","plastic products","plastics products",""
1664,"R M Drip & Sprinklers Systems Ltd","RMDRIP","plastic products","plastics products",""
1665,"HDFC Asset Management Company Ltd","HDFCAMC","financials","finance & investments",""
1666,"Capital India Finance Ltd","CIFL","financials","finance & investments",""
1667,"GFL Ltd","GFLLIMITED","financials","finance & investments",""
1668,"Consolidated Finvest & Holdings Limited","CONSOFINVT","financials","finance & investments",""
1669,"Prime Securities Limited","PRIMESECU","financials","finance & investments",""
1670,"Vardhman Holdings Limited","VHL","financials","finance & investments",""
1671,"Choice International Ltd","CHOICEIN","financials","finance & investments",""
1672,"Northern ARC Capital Ltd","NORTHARC","financials","finance & investments",""
1673,"Manba Finance Ltd","MANBA","financials","finance & investments",""
1674,"Spandana Sphoorty Financial Ltd","SPANDANA","financials","finance & investments",""
1675,"360 ONE WAM Ltd","360ONE","financials","finance & investments",""
1676,"Angel One Ltd","ANGELONE","financials","finance & investments",""
1677,"Dam Capital Advisors Ltd","DAMCAPITAL","financials","finance & investments",""
1678,"UTI Asset Management Company Ltd","UTIAMC","financials","finance & investments",""
1679,"Nalwa Sons Investments Limited","NSIL","financials","finance & investments",""
1680,"Mahindra & Mahindra Financial Services Limited","M&MFIN","financials","finance & investments",""
1681,"Indbank Merchant Banking Services Limited","INDBANK","financials","finance & investments",""
1682,"Monarch Networth Capital Ltd","MONARCH","financials","finance & investments",""
1683,"Gic Housing Finance Limited","GICHSGFIN","financials","finance - housing",""
1684,"Religare Enterprises Limited","RELIGARE","financials","finance & investments",""
1685,"Nahar Capital And Financial Services Limited","NAHARCAP","financials","finance & investments",""
1686,"Prudent Corporate Advisory Services Ltd","PRUDENT","financials","finance & investments",""
1687,"Health X Platform Ltd","HEALTHX","financials","finance & investments",""
1688,"Summit Securities Limited","SUMMITSEC","financials","finance & investments",""
1689,"Ptc India Financial Services Limited","PFS","financials","finance & investments",""
1690,"L&T Finance Ltd","LTF","financials","finance & investments",""
1691,"SRG Housing Finance Ltd","SRGHFL","financials","finance - housing",""
1692,"Five-Star Business Finance Ltd","FIVESTAR","financials","finance & investments",""
1693,"Abans Financial Services Ltd","AFSL","financials","finance & investments",""
1694,"KFin Technologies Ltd","KFINTECH","financials","miscellaneous",""
1695,"TVS Holdings Ltd","TVSHLTD","financials","finance & investments",""
1696,"Viji Finance Limited","VIJIFIN","financials","finance & investments",""
1697,"Aptus Value Housing Finance India Ltd","APTUS","financials","finance - housing",""
1698,"Aditya Birla Sun Life AMC Ltd","ABSLAMC","financials","finance & investments",""
1699,"Maha Rashtra Apex Corporation Ltd","MAHAPEXLTD","financials","finance & investments",""
1700,"SBFC Finance Ltd","SBFC","financials","finance & investments",""
1701,"Steel City Securities Ltd","STEELCITY","financials","finance & investments",""
1702,"Fedbank Financial Services Ltd","FEDFINA","financials","finance & investments",""
1703,"Share India Securities Ltd","SHAREINDIA","financials","finance & investments",""
1704,"Nippon Life India Asset Management Ltd","NAM-INDIA","financials","finance & investments",""
1705,"New India Assurance Company Ltd","NIACL","financials","finance & investments",""
1706,"Pilani Investment And Industries Corporation Limited","PILANIINVS","financials","finance & investments",""
1707,"Db (international) Stock Brokers Limited","DBSTOCKBRO","financials","finance & investments",""
1708,"Bajaj Finance Limited","BAJFINANCE","financials","finance & investments",""
1709,"Go Digit General Insurance Ltd","GODIGIT","financials","finance & investments",""
1710,"Kirloskar Industries Limited","KIRLOSIND","financials","finance & investments",""
1711,"Max Financial Services Limited","MFSL","financials","finance & investments",""
1712,"Bajaj Housing Finance Ltd","BAJAJHFL","financials","finance - housing",""
1713,"Tata Investment Corporation Limited","TATAINVEST","financials","finance & investments",""
1714,"Coral India Finance & Housing Ltd","CORALFINAC","financials","finance - housing",""
1715,"Capri Global Capital Limited","CGCL","financials","finance & investments",""
1716,"IIFL Capital Services Ltd","IIFLCAPS","financials","finance & investments",""
1717,"SBI Cards & Payment Services Ltd","SBICARD","financials","finance & investments",""
1718,"Dolat Algotech Ltd","DOLATALGO","financials","finance & investments",""
1719,"Rane Holdings Limited","RANEHOLDIN","financials","finance & investments",""
1720,"Pnb Gilts Limited","PNBGILTS","financials","finance & investments",""
1721,"Il&fs Investment Managers Limited","IVC","financials","finance & investments",""
1722,"Muthoot Capital Services Limited","MUTHOOTCAP","financials","finance & investments",""
1723,"Paisalo Digital Ltd","PAISALO","financials","finance & investments",""
1724,"CP Capital Limited","CPCAP","financials","finance & investments",""
1725,"Kalyani Investment Company Limited","KICL","financials","finance & investments",""
1726,"Dhunseri Investments Limited","DHUNINV","financials","finance & investments",""
1727,"RattanIndia Enterprises Ltd","RTNINDIA","financials","finance & investments",""
1728,"Indian Railway Finance Corporation Ltd","IRFC","financials","finance - term-lending institutions",""
1729,"Home First Finance Company India Ltd","HOMEFIRST","financials","finance - housing",""
1730,"CARE Ratings Ltd","CARERATING","financials","miscellaneous",""
1731,"Repco Home Finance Limited","REPCOHOME","financials","finance - housing",""
1732,"Sammaan Capital Ltd","SAMMAANCAP","financials","finance - housing",""
1733,"Star Health & Allied Insurance Company Ltd","STARHEALTH","financials","finance & investments",""
1734,"Stel Holdings Limited","STEL","financials","finance & investments",""
1735,"Housing and Urban Development Corporation Ltd","HUDCO","financials","finance - term-lending institutions",""
1736,"Satin Creditcare Network Limited","SATIN","financials","finance & investments",""
1737,"Tourism Finance Corporation Of India Limited","TFCILTD","financials","finance - term-lending institutions",""
1738,"ICICI Lombard General Insurance Company Ltd","ICICIGI","financials","finance & investments",""
1739,"HDFC Life Insurance Company Ltd","HDFCLIFE","financials","finance & investments",""
1740,"The Investment Trust of India Ltd","THEINVEST","financials","finance & investments",""
1741,"U. Y. Fincorp Ltd","UYFINCORP","financials","finance & investments",""
1742,"Sundaram Finance Limited","SUNDARMFIN","financials","finance & investments",""
1743,"CreditAccess Grameen Ltd","CREDITACC","financials","finance & investments",""
1744,"Crisil Limited","CRISIL","financials","miscellaneous",""
1745,"Ifci Limited","IFCI","financials","finance - term-lending institutions",""
1746,"Lic Housing Finance Limited","LICHSGFIN","financials","finance - housing",""
1747,"Maharashtra Scooters Limited","MAHSCOOTER","financials","finance & investments",""
1748,"Centrum Capital Ltd","CENTRUM","financials","finance & investments",""
1749,"Mufin Green Finance Ltd","MUFIN","financials","finance & investments",""
1750,"Niva Bupa Health Insurance Company Ltd","NIVABUPA","financials","finance & investments",""
1751,"Mangal Credit & Fincorp Ltd","MANCREDIT","financials","finance & investments",""
1752,"Computer Age Management Services Ltd","CAMS","financials","miscellaneous",""
1753,"Geojit Financial Services Ltd","GEOJITFSL","financials","finance & investments",""
1754,"IIFL Finance Ltd","IIFL","financials","finance & investments",""
1755,"Shriram Finance Ltd","SHRIRAMFIN","financials","finance & investments",""
1756,"Vls Finance Limited","VLSFINANCE","financials","finance & investments",""
1757,"HDB Financial Services Ltd","HDBFS","financials","finance & investments",""
1758,"Team India Guaranty Ltd","TEAMGTY","financials","finance & investments",""
1759,"Avonmore Capital & Management Services Ltd","AVONMORE","financials","finance & investments",""
1760,"Arihant Capital Markets Ltd","ARIHANTCAP","financials","finance & investments",""
1761,"Geecee Ventures Limited","GEECEE","financials","finance & investments",""
1762,"Power Finance Corporation Limited","PFC","financials","finance - term-lending institutions",""
1763,"Master Trust Ltd","MASTERTR","financials","finance & investments",""
1764,"Icra Limited","ICRA","financials","miscellaneous",""
1765,"Motilal Oswal Financial Services Limited","MOTILALOFS","financials","finance & investments",""
1766,"Startech Finance Ltd","STARTECK","financials","finance & investments",""
1767,"Edelweiss Financial Services Limited","EDELWEISS","financials","finance & investments",""
1768,"REC Ltd","RECLTD","financials","finance - term-lending institutions",""
1769,"Life Insurance Corporation of India Ltd","LICI","financials","finance & investments",""
1770,"Aditya Birla Money Limited","BIRLAMONEY","financials","finance & investments",""
1771,"Bajaj Finserv Limited","BAJAJFINSV","financials","finance & investments",""
1772,"Welspun Investments And Commercials Limited","WELINV","financials","finance & investments",""
1773,"Bf Investment Limited","BFINVEST","financials","finance & investments",""
1774,"Delphi World Money Ltd","DELPHIFX","financials","finance & investments",""
1775,"Hexa Tradex Limited","HEXATRADEX","financials","finance & investments",""
1776,"SMC Global Securities Ltd","SMCGLOBAL","financials","finance & investments",""
1777,"Jindal Poly Investment And Finance Company Limited","JPOLYINVST","financials","finance & investments",""
1778,"Gretex Corporate Services Ltd","GCSL","financials","finance & investments",""
1779,"Anand Rathi Wealth Ltd","ANANDRATHI","financials","finance & investments",""
1780,"Jm Financial Limited","JMFINANCIL","financials","finance & investments",""
1781,"Jio Financial Services Ltd","JIOFIN","financials","finance & investments",""
1782,"N. B. I. Industrial Finance Company Limited","NBIFIN","financials","finance & investments",""
1783,"Authum Investment & Infrastructure Ltd","AIIL","financials","finance & investments",""
1784,"BSE (Bombay stock exchange) Ltd","BSE","financials","miscellaneous",""
1785,"Ganges Securities Ltd","GANGESSECU","financials","finance & investments",""
1786,"Nuvama Wealth Management Ltd","NUVAMA","financials","finance & investments",""
1787,"Aditya Birla Capital Ltd","ABCAPITAL","financials","finance & investments",""
1788,"Wealth First Portfolio Managers Ltd","WEALTH","financials","finance & investments",""
1789,"Indian Renewable Energy Development Agency Ltd","IREDA","financials","finance - term-lending institutions",""
1790,"General Insurance Corporation of India Ltd","GICRE","financials","finance & investments",""
1791,"5Paisa Capital Ltd","5PAISA","financials","finance & investments",""
1792,"Tsf Investments Ltd","TSFINV","financials","finance & investments",""
1793,"Icici Prudential Life Insurance Company Limited","ICICIPRULI","financials","finance & investments",""
1794,"Indostar Capital Finance Ltd","INDOSTAR","financials","finance & investments",""
1795,"AAVAS Financiers Ltd","AAVAS","financials","finance - housing",""
1796,"Aadhar Housing Finance Ltd","AADHARHFC","financials","finance - housing",""
1797,"NDL Ventures Ltd","NDLVENTURE","financials","finance & investments",""
1798,"Akme Fintrade (India) Ltd","AFIL","financials","finance & investments",""
1799,"Arman Financial Services Limited","ARMANFIN","financials","finance & investments",""
1800,"Manappuram Finance Limited","MANAPPURAM","financials","finance & investments",""
1801,"Bajaj Holdings & Investment Limited","BAJAJHLDNG","financials","finance & investments",""
1802,"Almondz Global Securities Limited","ALMONDZ","financials","finance & investments",""
1803,"Industrial Investment Trust Limited","IITL","financials","finance & investments",""
1804,"Cholamandalam Financial Holdings Ltd","CHOLAHLDNG","financials","finance & investments",""
1805,"Jindal Photo Limited","JINDALPHOT","financials","finance & investments",""
1806,"Jsw Holdings Limited","JSWHL","financials","finance & investments",""
1807,"Can Fin Homes Limited","CANFINHOME","financials","finance - housing",""
1808,"Cholamandalam Investment And Finance Company Limited","CHOLAFIN","financials","finance & investments",""
1809,"Emkay Global Financial Services Limited","EMKAY","financials","finance & investments",""
1810,"Crest Ventures Limited","CREST","financials","finance & investments",""
1811,"Baid Finserv Ltd","BAIDFIN","financials","finance & investments",""
1812,"Ugro Capital Ltd","UGROCAP","financials","finance & investments",""
1813,"Keynote Financial Services Ltd","KEYFINSERV","financials","finance & investments",""
1814,"Laxmi India Finance Ltd","LAXMIINDIA","financials","finance & investments",""
1815,"Muthoot Finance Limited","MUTHOOTFIN","financials","finance & investments",""
1816,"Onelife Capital Advisors Limited","ONELIFECAP","financials","finance & investments",""
1817,"Indo Thai Securities Limited","INDOTHAI","financials","finance & investments",""
1818,"Multi Commodity Exchange Of India Limited","MCX","financials","miscellaneous",""
1819,"Fusion Micro Finance Ltd","FUSION","financials","finance & investments",""
1820,"Sil Investments Limited","SILINV","financials","finance & investments",""
1821,"Poonawalla Fincorp Ltd","POONAWALLA","financials","finance & investments",""
1822,"Naga Dhunseri Group Limited","NDGL","financials","finance & investments",""
1823,"Central Depository Services Ltd","CDSL","financials","miscellaneous",""
1824,"SG Finserve Ltd","SGFIN","financials","finance & investments",""
1825,"SBI Life Insurance Company Ltd","SBILIFE","financials","finance & investments",""
1826,"India Shelter Finance Corporation Ltd","INDIASHLTR","financials","finance - housing",""
1827,"MAS Financial Services Ltd","MASFIN","financials","finance & investments",""
1828,"Indian Energy Exchange Ltd","IEX","financials","miscellaneous",""
1829,"Muthoot Microfin Ltd","MUTHOOTMF","financials","finance & investments",""
1830,"CSL Finance Ltd","CSLFINANCE","financials","finance & investments",""
1831,"Max India Ltd","MAXIND","financials","finance & investments",""
1832,"Pnb Housing Finance Limited","PNBHOUSING","financials","finance - housing",""
1833,"Borosil Scientific Ltd","BOROSCI","building materials","glass & glass products",""
1834,"Jk Lakshmi Cement Limited","JKLAKSHMI","building materials","cement - north india",""
1835,"Mangalam Cement Limited","MANGLMCEM","building materials","cement - north india",""
1836,"Shree Digvijay Cement Co. Ltd","SHREDIGCEM","building materials","cement - north india",""
1837,"Orient Paper & Industries Limited","ORIENTPPR","building materials","paper",""
1838,"Andhra Cements Ltd","ACL","building materials","cement - south india",""
1839,"Ramco Industries Limited","RAMCOIND","building materials","cement products",""
1840,"Century Plyboards (india) Limited","CENTURYPLY","building materials","miscellaneous",""
1841,"Kuantum Papers Ltd","KUANTUM","building materials","paper",""
1842,"Emami Paper Mills Ltd","EMAMIPAP","building materials","paper",""
1843,"Asahi India Glass Limited","ASAHIINDIA","building materials","glass & glass products",""
1844,"Star Paper Mills Limited","STARPAPER","building materials","paper",""
1845,"Exxaro Tiles Ltd","EXXARO","building materials","ceramics - tiles / sanitaryware",""
1846,"Greenlam Industries Limited","GREENLAM","building materials","miscellaneous",""
1847,"Western India Plywoods Ltd","WIPL","building materials","miscellaneous",""
1848,"La Opala Rg Limited","LAOPALA","building materials","glass & glass products",""
1849,"Raghav Productivity Enhancers Ltd","RPEL","building materials","refractories / intermediates",""
1850,"The India Cements Limited","INDIACEM","building materials","cement - south india",""
1851,"Kajaria Ceramics Limited","KAJARIACER","building materials","ceramics - tiles / sanitaryware",""
1852,"Heidelbergcement India Limited","HEIDELBERG","building materials","cement - north india",""
1853,"Prism Johnson Ltd","PRSMJOHNSN","building materials","cement - north india",""
1854,"Shree Cements Limited","SHREECEM","building materials","cement - north india",""
1855,"Acc Limited","ACC","building materials","cement - north india",""
1856,"Ambuja Cements Limited","AMBUJACEM","building materials","cement - north india",""
1857,"Somany Ceramics Limited","SOMANYCERA","building materials","ceramics - tiles / sanitaryware",""
1858,"Sagar Cements Limited","SAGCEM","building materials","cement - south india",""
1859,"Borosil Ltd","BOROLTD","building materials","glass & glass products",""
1860,"Andhra Paper Ltd","ANDHRAPAP","building materials","paper",""
1861,"Jk Paper Limited","JKPAPER","building materials","paper",""
1862,"Cera Sanitaryware Limited","CERA","building materials","ceramics - tiles / sanitaryware",""
1863,"Jk Cement Limited","JKCEMENT","building materials","cement - north india",""
1864,"BirlaNu Ltd","BIRLANU","building materials","cement products",""
1865,"Shalimar Paints Limited","SHALPAINTS","building materials","paints / varnishes",""
1866,"Ruchira Papers Limited","RUCHIRA","building materials","paper",""
1867,"Dalmia Bharat Limited","DALBHARAT","building materials","cement - south india",""
1868,"Murudeshwar Ceramics Limited","MURUDCERA","building materials","ceramics - tiles / sanitaryware",""
1869,"Pakka Ltd","PAKKA","building materials","paper",""
1870,"Nuvoco Vistas Corporation Ltd","NUVOCO","building materials","cement - north india",""
1871,"Genus Paper & Boards Limited","GENUSPAPER","building materials","paper",""
1872,"Satia Industries Ltd","SATIA","building materials","paper",""
1873,"Star Cement Ltd","STARCEMENT","building materials","cement - north india",""
1874,"Greenply Industries Limited","GREENPLY","building materials","miscellaneous",""
1875,"Stylam Industries Ltd","STYLAMIND","building materials","miscellaneous",""
1876,"Sirca Paints India Ltd","SIRCA","building materials","paints / varnishes",""
1877,"Birla Corporation Limited","BIRLACORPN","building materials","cement - north india",""
1878,"West Coast Paper Mills Limited","WSTCSTPAPR","building materials","paper",""
1879,"Asian Paints Limited","ASIANPAINT","building materials","paints / varnishes",""
1880,"Deccan Cements Limited","DECCANCE","building materials","cement - south india",""
1881,"Ncl Industries Limited","NCLIND","building materials","cement - south india",""
1882,"Greenpanel Industries Ltd","GREENPANEL","building materials","miscellaneous",""
1883,"Everest Industries Limited","EVERESTIND","building materials","cement products",""
1884,"Berger Paints (i) Limited","BERGEPAINT","building materials","paints / varnishes",""
1885,"Nitco Limited","NITCO","building materials","trading",""
1886,"Sahyadri Industries Ltd","SAHYADRI","building materials","cement products",""
1887,"Asian Granito India Limited","ASIANTILES","building materials","ceramics - tiles / sanitaryware",""
1888,"Magnum Ventures Limited","MAGNUM","building materials","paper",""
1889,"Sejal Glass Ltd","SEJALLTD","building materials","glass & glass products",""
1890,"JSW Cement Ltd","JSWCEMENT","building materials","cement - north india",""
1891,"Shreyans Industries Limited","SHREYANIND","building materials","paper",""
1892,"N R Agarwal Industries Ltd","NRAIL","building materials","paper",""
1893,"RHI Magnesita India Ltd","RHIM","building materials","refractories / intermediates",""
1894,"Indigo Paints Ltd","INDIGOPNTS","building materials","paints / varnishes",""
1895,"Anjani Portland Cement Ltd.-$","APCL","building materials","cement - south india",""
1896,"Vesuvius India Limited","VESUVIUS","building materials","refractories / intermediates",""
1897,"IFGL Refractories Ltd","IFGLEXPOR","building materials","refractories / intermediates",""
1898,"Pudumjee Paper Products Limited","PDMJEPAPER","building materials","paper",""
1899,"Bigbloc Construction Limited","BIGBLOC","building materials","cement products",""
1900,"Orient Bell Limited","ORIENTBELL","building materials","ceramics - tiles / sanitaryware",""
1901,"Kcp Limited","KCP","building materials","cement - south india",""
1902,"Kansai Nerolac Paints Limited","KANSAINER","building materials","paints / varnishes",""
1903,"The Ramco Cements Limited","RAMCOCEM","building materials","cement - south india",""
1904,"Tamil Nadu Newsprint & Papers Limited","TNPL","building materials","paper",""
1905,"JSW Dulux Ltd","JSWDULUX","building materials","paints / varnishes",""
1906,"Saurashtra Cement Ltd","SAURASHCEM","building materials","cement - north india",""
1907,"Seshasayee Paper And Boards Limited","SESHAPAPER","building materials","paper",""
1908,"Orient Ceratech Ltd","ORIENTCER","building materials","refractories / intermediates",""
1909,"Borosil Renewables Ltd","BORORENEW","building materials","glass & glass products",""
1910,"Ultratech Cement Limited","ULTRACEMCO","building materials","cement - north india",""
1911,"Visaka Industries Limited","VISAKAIND","building materials","cement products",""
1912,"Archidply Industries Limited","ARCHIDPLY","building materials","miscellaneous",""
1913,"Rushil Decor Limited","RUSHIL","building materials","miscellaneous",""
1914,"Orient Cement Limited","ORIENTCEM","building materials","cement - south india",""
1915,"Airo Lam Ltd","AIROLAM","building materials","miscellaneous",""